Workbook

Sheet قائمة المستثمرين
A1: ملخص حساب المستثمرين لعام 2024
A3: م | B3: اسم المستثمر | C3: عدد السيارات | D3: الايراد | E3: المصروف | F3: الصافى | G3: المسحوب | H3: المتبقى | I3: رصيد سنوات سابقة | J3: الرصيد
A4: 1 | B4: مقبل ناجي عوض العلوني | C4: 6 | D4: ='مقبل ناجي عوض العلوني'!$AH$9 -> 135998.84 | E4: ='مقبل ناجي عوض العلوني'!$AH$17 -> 28723.259 | F4: ='مقبل ناجي عوض العلوني'!$AH$20 -> 75092.909 | G4: ='مقبل ناجي عوض العلوني'!$AH$21 -> 0 | H4: ='مقبل ناجي عوض العلوني'!$AH$22 -> 75092.909 | I4: ='مقبل ناجي عوض العلوني'!$AH$23 -> 12791 | J4: =H4+I4 -> 87883.909
A5: 2 | B5: رائد الحسيني | C5: 1 | D5: ='رائد الحسيني'!$D$9 -> 35343 | E5: ='رائد الحسيني'!$D$17 -> 0 | F5: ='رائد الحسيني'!$D$20 -> 35343 | G5: ='رائد الحسيني'!$D$21 -> 35343 | H5: ='رائد الحسيني'!$D$22 -> 0 | I5: ='رائد الحسيني'!$D$23 -> 0 | J5: =H5+I5 -> 0
A6: 3 | B6: فايز رابح الشاماني | C6: 4 | D6: ='فايز رابح الشاماني'!$X$9 -> 70381.13 | E6: ='فايز رابح الشاماني'!$X$17 -> 12005.222 | F6: ='فايز رابح الشاماني'!$X$20 -> 40863.136 | G6: ='فايز رابح الشاماني'!$X$21 -> 0 | H6: ='فايز رابح الشاماني'!$X$22 -> 40863.136 | I6: ='فايز رابح الشاماني'!$X$23 -> 0 | J6: =H6+I6 -> 40863.136
A7: 4 | B7: مرام الصاعدي | C7: 1 | D7: ='مرام الصاعدي'!$D$9 -> 19305.757 | E7: ='مرام الصاعدي'!$D$17 -> 2434.0802 | F7: ='مرام الصاعدي'!$D$20 -> 11810.173 | G7: ='مرام الصاعدي'!$D$21 -> 0 | H7: ='مرام الصاعدي'!$D$22 -> 11810.173 | I7: ='مرام الصاعدي'!$D$23 -> 10590 | J7: =H7+I7 -> 22400.173
A8: 5 | B8: بدرية الصاعدي | C8: 1 | D8: ='بدرية الصاعدي'!$D$9 -> 25326.522 | E8: ='بدرية الصاعدي'!$D$17 -> 3570.19 | F8: ='بدرية الصاعدي'!$D$20 -> 15229.432 | G8: ='بدرية الصاعدي'!$D$21 -> 0 | H8: ='بدرية الصاعدي'!$D$22 -> 15229.432 | I8: ='بدرية الصاعدي'!$D$23 -> 30811 | J8: =H8+I8 -> 46040.432
A9: 6 | B9: روان مسعد | C9: 1 | D9: ='روان مسعد'!$D$9 -> 16670.235 | E9: ='روان مسعد'!$D$17 -> 2209.65 | F9: ='روان مسعد'!$D$20 -> 10122.409 | G9: ='روان مسعد'!$D$21 -> 0 | H9: ='روان مسعد'!$D$22 -> 10122.409 | I9: ='روان مسعد'!$D$23 -> 24302.125 | J9: =H9+I9 -> 34424.534
A10: 7 | B10: اميره +نسرين الصاعدي | C10: 1 | D10: ='اميره +نسرين الصاعدي'!$D$9 -> 28898.07 | E10: ='اميره +نسرين الصاعدي'!$D$17 -> 3232.322 | F10: ='اميره +نسرين الصاعدي'!$D$20 -> 17966.023 | G10: ='اميره +نسرين الصاعدي'!$D$21 -> 0 | H10: ='اميره +نسرين الصاعدي'!$D$22 -> 17966.023 | I10: ='اميره +نسرين الصاعدي'!$D$23 -> 27322.382 | J10: =H10+I10 -> 45288.405
A11: 8 | B11: نوال حمدان | C11: 2 | D11: ='نوال حمدان'!$N$9 -> 38984.061 | E11: ='نوال حمدان'!$N$17 -> 7454.9095 | F11: ='نوال حمدان'!$N$20 -> 22070.406 | G11: ='نوال حمدان'!$N$21 -> 0 | H11: ='نوال حمدان'!$N$22 -> 22070.406 | I11: ='نوال حمدان'!$N$23 -> 39567 | J11: =H11+I11 -> 61637.406
A12: 9 | B12: وليد نافع العوفي | C12: 12 | D12: =' وليد نافع العوفي'!$BL$9 -> 230308.11 | E12: =' وليد نافع العوفي'!$BL$17 -> 30895.22 | F12: =' وليد نافع العوفي'!$BL$20 -> 138855.84 | G12: =' وليد نافع العوفي'!$BL$21 -> 0 | H12: =' وليد نافع العوفي'!$BL$22 -> 138855.84 | I12: =' وليد نافع العوفي'!$BL$23 -> 40707 | J12: =H12+I12 -> 179562.84
A13: 10 | B13: فهد الاحمدي | C13: 1 | D13: ='فهد الاحمدي'!$D$9 -> 20284.348 | E13: ='فهد الاحمدي'!$D$17 -> 1711.0646 | F13: ='فهد الاحمدي'!$D$20 -> 13001.298 | G13: ='فهد الاحمدي'!$D$21 -> 0 | H13: ='فهد الاحمدي'!$D$22 -> 13001.298 | I13: ='فهد الاحمدي'!$D$23 -> 31431 | J13: =H13+I13 -> 44432.298
A14: 11 | B14: نوف عبيدالله مبارك العوفي | C14: 7 | D14: ='نوف عبيدالله مبارك العوفي '!$AM$9 -> 149006.73 | E14: ='نوف عبيدالله مبارك العوفي '!$AM$17 -> 13547.041 | F14: ='نوف عبيدالله مبارك العوفي '!$AM$20 -> 94179.659 | G14: ='نوف عبيدالله مبارك العوفي '!$AM$21 -> 0 | H14: ='نوف عبيدالله مبارك العوفي '!$AM$22 -> 94179.659 | I14: ='نوف عبيدالله مبارك العوفي '!$AM$23 -> 67209 | J14: =H14+I14 -> 161388.66
A15: 12 | B15: ايلان العوفي | C15: 1 | D15: ='ايلان العوفي '!$D$9 -> 27776.096 | E15: ='ايلان العوفي '!$D$17 -> 2491.2655 | F15: ='ايلان العوفي '!$D$20 -> 17699.381 | G15: ='ايلان العوفي '!$D$21 -> 0 | H15: ='ايلان العوفي '!$D$22 -> 17699.381 | I15: ='ايلان العوفي '!$D$23 -> 11231 | J15: =H15+I15 -> 28930.381
A16: 13 | B16: عبدالوهاب سليم | C16: 1 | D16: ='عبدالوهاب سليم'!$D$9 -> 27838.696 | E16: ='عبدالوهاب سليم'!$D$17 -> 2437.2216 | F16: ='عبدالوهاب سليم'!$D$20 -> 17781.032 | G16: ='عبدالوهاب سليم'!$D$21 -> 0 | H16: ='عبدالوهاب سليم'!$D$22 -> 17781.032 | I16: ='عبدالوهاب سليم'!$D$23 -> 0 | J16: =H16+I16 -> 17781.032
A17: 14 | B17: سلطان عواد الدبيسي | C17: 1 | D17: ='سلطان عواد الدبيسي'!$D$9 -> 21490 | E17: ='سلطان عواد الدبيسي'!$D$17 -> 1604.9 | F17: ='سلطان عواد الدبيسي'!$D$20 -> 13919.57 | G17: ='سلطان عواد الدبيسي'!$D$21 -> 0 | H17: ='سلطان عواد الدبيسي'!$D$22 -> 13919.57 | I17: ='سلطان عواد الدبيسي'!$D$23 -> 0 | J17: =H17+I17 -> 13919.57
A18: 15 | B18: لانا العوفي | C18: 1 | D18: ='لانا العوفي'!$D$9 -> 11030.922 | E18: ='لانا العوفي'!$D$17 -> 5541.506 | F18: ='لانا العوفي'!$D$20 -> 3842.591 | G18: ='لانا العوفي'!$D$21 -> 0 | H18: ='لانا العوفي'!$D$22 -> 3842.591 | I18: ='لانا العوفي'!$D$23 -> 5160 | J18: =H18+I18 -> 9002.591
A19: 16 | B19: مريم مسعد الصاعدي | C19: 4 | D19: =' مريم مسعد الصاعدي'!$X$9 -> 31029.565 | E19: =' مريم مسعد الصاعدي'!$X$17 -> 2547.9756 | F19: =' مريم مسعد الصاعدي'!$X$20 -> 19937.113 | G19: =' مريم مسعد الصاعدي'!$X$21 -> 0 | H19: =' مريم مسعد الصاعدي'!$X$22 -> 19937.113 | I19: =' مريم مسعد الصاعدي'!$X$23 -> 0 | J19: =H19+I19 -> 19937.113
A20: 17 | B20: فهد الغامدى | C20: 2 | D20: ='فهد الغامدي'!$N$9 -> 40786.226 | E20: ='فهد الغامدي'!$N$17 -> 4390.546 | F20: ='فهد الغامدي'!$N$20 -> 25476.976 | G20: ='فهد الغامدي'!$N$21 -> 0 | H20: ='فهد الغامدي'!$N$22 -> 25476.976 | I20: ='فهد الغامدي'!$N$23 -> 0 | J20: =H20+I20 -> 25476.976
A21: 18 | B21: عبيدالله مبارك العوفي | C21: 6 | D21: ='عبيدالله العوفى'!$AG$9 -> 133719.46 | E21: ='عبيدالله العوفى'!$AG$17 -> 16512.456 | F21: ='عبيدالله العوفى'!$AG$20 -> 82044.904 | G21: ='عبيدالله العوفى'!$AG$21 -> 25000 | H21: ='عبيدالله العوفى'!$AG$22 -> 57044.904 | I21: ='عبيدالله العوفى'!$AG$23 -> 0 | J21: =H21+I21 -> 57044.904
A22: 19 | B22: أم عبدالرحمن | C22: 1 | D22: ='ام عبدالرحمن'!$D$9 -> 16559.974 | E22: ='ام عبدالرحمن'!$D$17 -> 1641.6521 | F22: ='ام عبدالرحمن'!$D$20 -> 10442.825 | G22: ='ام عبدالرحمن'!$D$21 -> 0 | H22: ='ام عبدالرحمن'!$D$22 -> 10442.825 | I22: ='ام عبدالرحمن'!$D$23 -> 32480.546 | J22: =H22+I22 -> 42923.371
A23: 20 | B23: سامي عبيد الله العوفي | C23: 6 | D23: ='سامي عبيد الله العوفي'!$AG$9 -> 98568.53 | E23: ='سامي عبيد الله العوفي'!$AG$17 -> 12801.979 | F23: ='سامي عبيد الله العوفي'!$AG$20 -> 59497.213 | G23: ='سامي عبيد الله العوفي'!$AG$21 -> 0 | H23: ='سامي عبيد الله العوفي'!$AG$22 -> 59497.213 | I23: ='سامي عبيد الله العوفي'!$AG$23 -> 0 | J23: =H23+I23 -> 59497.213
A24: 21 | B24: نادر سليم الرشيدي | C24: 4 | D24: ='نادر سليم الرشيدي '!$X$9 -> 84998.122 | E24: ='نادر سليم الرشيدي '!$X$17 -> 17258.575 | F24: ='نادر سليم الرشيدي '!$X$20 -> 47417.683 | G24: ='نادر سليم الرشيدي '!$X$21 -> 0 | H24: ='نادر سليم الرشيدي '!$X$22 -> 47417.683 | I24: ='نادر سليم الرشيدي '!$X$23 -> 55148 | J24: =H24+I24 -> 102565.68
A25: 22 | B25: فهد منيف الحربي | C25: 3 | D25: =' فهد منيف الحربي'!$S$9 -> 78080.774 | E25: =' فهد منيف الحربي'!$S$17 -> 10719.968 | F25: =' فهد منيف الحربي'!$S$20 -> 47152.564 | G25: =' فهد منيف الحربي'!$S$21 -> 0 | H25: =' فهد منيف الحربي'!$S$22 -> 47152.564 | I25: =' فهد منيف الحربي'!$S$23 -> 46034 | J25: =H25+I25 -> 93186.564
A26: 23 | B26: بدور عبيدالله العوفى | C26: 1 | D26: =' بدور عبيد الله العوفي '!$D$9 -> 17975.652 | E26: =' بدور عبيد الله العوفي '!$D$17 -> 3530.1684 | F26: =' بدور عبيد الله العوفي '!$D$20 -> 10111.839 | G26: =' بدور عبيد الله العوفي '!$D$21 -> 0 | H26: =' بدور عبيد الله العوفي '!$D$22 -> 10111.839 | I26: =' بدور عبيد الله العوفي '!$D$23 -> 0 | J26: =H26+I26 -> 10111.839
A27: 24 | B27: عبدالرحمن محمد خضر الصاعدي | C27: 1 | D27: ='عبدالرحمن محمد خضر الصاعدي'!$D$9 -> 28027.687 | E27: ='عبدالرحمن محمد خضر الصاعدي'!$D$17 -> 3186.9141 | F27: ='عبدالرحمن محمد خضر الصاعدي'!$D$20 -> 17388.541 | G27: ='عبدالرحمن محمد خضر الصاعدي'!$D$21 -> 0 | H27: ='عبدالرحمن محمد خضر الصاعدي'!$D$22 -> 17388.541 | I27: ='عبدالرحمن محمد خضر الصاعدي'!$D$23 -> 0 | J27: =H27+I27 -> 17388.541
A28: 25 | B28: سعيد سلطان الشهراني | C28: 1 | D28: =' سعيد سلطان الشهراني'!$D$9 -> 28113.843 | E28: =' سعيد سلطان الشهراني'!$D$17 -> 2004.0695 | F28: =' سعيد سلطان الشهراني'!$D$20 -> 18276.842 | G28: =' سعيد سلطان الشهراني'!$D$21 -> 6000 | H28: =' سعيد سلطان الشهراني'!$D$22 -> 12276.842 | I28: =' سعيد سلطان الشهراني'!$D$23 -> 0 | J28: =H28+I28 -> 12276.842
A29: 26 | B29: غازى ناير الجهني | C29: 1 | D29: ='غازي ناير الجهني'!$D$9 -> 22717.391 | E29: ='غازي ناير الجهني'!$D$17 -> 1701.3832 | F29: ='غازي ناير الجهني'!$D$20 -> 14711.206 | G29: ='غازي ناير الجهني'!$D$21 -> 0 | H29: ='غازي ناير الجهني'!$D$22 -> 14711.206 | I29: ='غازي ناير الجهني'!$D$23 -> 11151 | J29: =H29+I29 -> 25862.206
A30: 27 | B30: غيث العوفى | C30: 2 | D30: ='غيث العوفي'!$N$9 -> 38554.243 | E30: ='غيث العوفي'!$N$17 -> 4541.0516 | F30: ='غيث العوفي'!$N$20 -> 23809.234 | G30: ='غيث العوفي'!$N$21 -> 0 | H30: ='غيث العوفي'!$N$22 -> 23809.234 | I30: ='غيث العوفي'!$N$23 -> 9969 | J30: =H30+I30 -> 33778.234
A31: 28 | B31: غلا العوفى | C31: 2 | D31: ='غلا العوفي'!$N$9 -> 27477.661 | E31: ='غلا العوفي'!$N$17 -> 3924.8481 | F31: ='غلا العوفي'!$N$20 -> 16486.969 | G31: ='غلا العوفي'!$N$21 -> 0 | H31: ='غلا العوفي'!$N$22 -> 16486.969 | I31: ='غلا العوفي'!$N$23 -> 9457 | J31: =H31+I31 -> 25943.969
A32: 29 | B32: حنان حمدان | C32: 1 | D32: ='حنان حمدان'!$D$9 -> 22259.565 | E32: ='حنان حمدان'!$D$17 -> 2092.7507 | F32: ='حنان حمدان'!$D$20 -> 14116.77 | G32: ='حنان حمدان'!$D$21 -> 0 | H32: ='حنان حمدان'!$D$22 -> 14116.77 | I32: ='حنان حمدان'!$D$23 -> 13693 | J32: =H32+I32 -> 27809.77
A33: 30 | B33: ابوغلا+ أبو لانا | C33: 2 | D33: ='ابو غلا + أبو لانا'!$N$9 -> 60116.443 | E33: ='ابو غلا + أبو لانا'!$N$17 -> 8063.212 | F33: ='ابو غلا + أبو لانا'!$N$20 -> 36437.262 | G33: ='ابو غلا + أبو لانا'!$N$21 -> 0 | H33: ='ابو غلا + أبو لانا'!$N$22 -> 36437.262 | I33: ='ابو غلا + أبو لانا'!$N$23 -> 75019 | J33: =H33+I33 -> 111456.26
A34: 31 | B34: احمد عبيد الله العوفى | C34: 2 | D34: ='احمد عبيدالله'!$N$9 -> 50685.402 | E34: ='احمد عبيدالله'!$N$17 -> 9895.0715 | F34: ='احمد عبيدالله'!$N$20 -> 28553.231 | G34: ='احمد عبيدالله'!$N$21 -> 0 | H34: ='احمد عبيدالله'!$N$22 -> 28553.231 | I34: ='احمد عبيدالله'!$N$23 -> 0 | J34: =H34+I34 -> 28553.231
A35: 32 | B35: احمد الشاماني | C35: 1 | D35: ='احمد الشاماني'!$D$9 -> 19061.043 | E35: ='احمد الشاماني'!$D$17 -> 3087.3072 | F35: ='احمد الشاماني'!$D$20 -> 11181.615 | G35: ='احمد الشاماني'!$D$21 -> 0 | H35: ='احمد الشاماني'!$D$22 -> 11181.615 | I35: ='احمد الشاماني'!$D$23 -> 0 | J35: =H35+I35 -> 11181.615
A36: 33 | B36: عبدالرحمن حمدان العوفى | C36: 1 | D36: ='عبدالرحمن حمدان العوفي'!$D$9 -> 47750.435 | E36: ='عبدالرحمن حمدان العوفي'!$D$17 -> 6897.4701 | F36: ='عبدالرحمن حمدان العوفي'!$D$20 -> 28597.075 | G36: ='عبدالرحمن حمدان العوفي'!$D$21 -> 0 | H36: ='عبدالرحمن حمدان العوفي'!$D$22 -> 28597.075 | I36: ='عبدالرحمن حمدان العوفي'!$D$23 -> -3146.829 | J36: =H36+I36 -> 25450.246
A37: 34 | B37: رايد حمدان العلوني الجهني | C37: 1 | D37: ='رايد حمدان العلوني الجهني'!$D$9 -> 18060.435 | E37: ='رايد حمدان العلوني الجهني'!$D$17 -> 1725.8431 | F37: ='رايد حمدان العلوني الجهني'!$D$20 -> 11434.214 | G37: ='رايد حمدان العلوني الجهني'!$D$21 -> 0 | H37: ='رايد حمدان العلوني الجهني'!$D$22 -> 11434.214 | I37: ='رايد حمدان العلوني الجهني'!$D$23 -> 0 | J37: =H37+I37 -> 11434.214
A38: 35 | B38: ماطر ناير راشد العلوني الجهني | C38: 1 | D38: ='ماطر ناير راشد العلواني الجهني'!$D$9 -> 17792.165 | E38: ='ماطر ناير راشد العلواني الجهني'!$D$17 -> 1926.6568 | F38: ='ماطر ناير راشد العلواني الجهني'!$D$20 -> 11105.856 | G38: ='ماطر ناير راشد العلواني الجهني'!$D$21 -> 0 | H38: ='ماطر ناير راشد العلواني الجهني'!$D$22 -> 11105.856 | I38: ='ماطر ناير راشد العلواني الجهني'!$D$23 -> 0 | J38: =H38+I38 -> 11105.856
A39: 36 | B39: ملك عبدالرحمن العوفي | C39: 2 | D39: ='ملك عبدالرحمن العوفى'!$N$9 -> 31119.774 | E39: ='ملك عبدالرحمن العوفى'!$N$17 -> 2735.066 | F39: ='ملك عبدالرحمن العوفى'!$N$20 -> 19869.296 | G39: ='ملك عبدالرحمن العوفى'!$N$21 -> 0 | H39: ='ملك عبدالرحمن العوفى'!$N$22 -> 19869.296 | I39: ='ملك عبدالرحمن العوفى'!$N$23 -> 0 | J39: =H39+I39 -> 19869.296
A40: 37 | J40: =H40+I40 -> 0
A41: 38 | J41: =H41+I41 -> 0
A42: 39 | J42: =H42+I42 -> 0
A43: 40 | J43: =H43+I43 -> 0
A44: 41 | J44: =H44+I44 -> 0
A45: 42 | J45: =H45+I45 -> 0
A46: 43 | J46: =H46+I46 -> 0
A47: 44 | J47: =H47+I47 -> 0
A48: 45 | J48: =H48+I48 -> 0
A49: 46 | J49: =H49+I49 -> 0
A50: 47 | J50: =H50+I50 -> 0
A51: 48 | J51: =H51+I51 -> 0
... A58: 55 | J58: =H58+I58 -> 0
B59: الاجمالى | C59: =SUM(C4:C58) -> 86 | D59: =SUM(D4:D58) -> 1772096.9 | E59: =SUM(E4:E58) -> 239042.81 | F59: =SUM(F4:F58) -> 1081826.1 | G59: =SUM(G4:G58) -> 66343 | H59: =SUM(H4:H58) -> 1015483.1 | I59: =SUM(I4:I58) -> 550926.22 | J59: =SUM(J4:J58) -> 1566409.3

Sheet عبيدالله العوفى
A1: تقرير المستثمر : عبيدالله مبارك العوفي ( 31-12-2024 ) | F1: تقرير المستثمر : عبيدالله مبارك العوفي ( 31-12-2024 ) | K1: تقرير المستثمر : عبيدالله مبارك العوفي ( 31-12-2024 ) | P1: تقرير المستثمر : عبيدالله مبارك العوفي ( 31-12-2024 ) | T1: تقرير المستثمر : عبيدالله مبارك العوفي ( 31-12-2024 ) | Y1: تقرير المستثمر : عبيدالله مبارك العوفي ( 31-12-2024 ) | AD1: تقرير المستثمر : عبيدالله مبارك العوفي ( 31-12-2024 )
A2: نوع السيارة | C2: اتراج2022 | F2: نوع السيارة | H2: اتراج2022 | K2: نوع السيارة | M2: اتراج2022 | P2: نوع السيارة | R2: بيجاس2023 | T2: نوع السيارة | V2: يارس فضي 2021 | Y2: نوع السيارة | AA2: يارس فضي 2021 | AD2: نوع السيارة | AF2: =AA3&"- "&V3&"- "&R3&"- "&M3&"- "&H3&"- "&C3 -> 2074 DHU- 2072 DHU- ر ر س 5431- ر ا ل 7855- ر ا ل 7856- ر ا ل 7857
A3: رقم اللوحة | C3: ر ا ل 7857 | F3: رقم اللوحة | H3: ر ا ل 7856 | K3: رقم اللوحة | M3: ر ا ل 7855 | P3: رقم اللوحة | R3: ر ر س 5431 | T3: رقم اللوحة | V3: 2072 DHU | Y3: رقم اللوحة | AA3: 2074 DHU | AD3: رقم اللوحة
A5: الحساب | D5: المبلغ | F5: الحساب | I5: المبلغ | K5: الحساب | N5: المبلغ | P5: الحساب | S5: المبلغ | T5: الحساب | W5: المبلغ | Y5: الحساب | AB5: المبلغ | AD5: الحساب | AG5: المبلغ
A6: ايراد تشغيل والإصلاحات | D6: 24876.575 | F6: ايراد تشغيل والإصلاحات | I6: 17474.8 | K6: ايراد تشغيل والإصلاحات | N6: 23335.913 | P6: ايراد تشغيل والإصلاحات | S6: 28173.043 | T6: ايراد تشغيل والإصلاحات | W6: 19578.261 | Y6: ايراد تشغيل والإصلاحات | AB6: 18780.87 | AD6: ايراد تشغيل والإصلاحات | AG6: =AB6+W6+S6+N6+I6+D6 -> 132219.46
A7: تعويض شركات التأمين | D7: 0 | F7: تعويض شركات التأمين | I7: 0 | K7: تعويض شركات التأمين | N7: 0 | P7: تعويض شركات التأمين | S7: 0 | T7: تعويض شركات التأمين | W7: 0 | Y7: تعويض شركات التأمين | AB7: 0 | AD7: تعويض شركات التأمين | AG7: =AB7+W7+S7+N7+I7+D7 -> 0
A8: إيرادات مديونيات أعوام سابقة | D8: 0 | F8: إيرادات مديونيات أعوام سابقة | I8: 0 | K8: إيرادات مديونيات أعوام سابقة | N8: 1500 | P8: إيرادات مديونيات أعوام سابقة | S8: 0 | T8: إيرادات مديونيات أعوام سابقة | W8: 0 | Y8: إيرادات مديونيات أعوام سابقة | AB8: 0 | AD8: إيرادات مديونيات أعوام سابقة | AG8: =AB8+W8+S8+N8+I8+D8 -> 1500
A9: اجمالي ايراد السيارة | D9: =SUM(D6:D8) -> 24876.575 | F9: اجمالي ايراد السيارة | I9: =SUM(I6:I8) -> 17474.8 | K9: اجمالي ايراد السيارة | N9: =SUM(N6:N8) -> 24835.913 | P9: اجمالي ايراد السيارة | S9: =SUM(S6:S8) -> 28173.043 | T9: اجمالي ايراد السيارة | W9: =SUM(W6:W8) -> 19578.261 | Y9: اجمالي ايراد السيارة | AB9: =SUM(AB6:AB8) -> 18780.87 | AD9: اجمالي ايراد السيارة | AG9: =AB9+W9+S9+N9+I9+D9 -> 133719.46
A10: مصاريف نقل +اشتراكات أجهزة التتبع+بنزين +غسيل | D10: 204.01 | F10: مصاريف نقل +اشتراكات أجهزة التتبع+بنزين +غسيل | I10: 214 | K10: مصاريف نقل +اشتراكات أجهزة التتبع+بنزين +غسيل | N10: 392.7001 | P10: مصاريف نقل +اشتراكات أجهزة التتبع+بنزين +غسيل | S10: 184 | T10: مصاريف نقل +اشتراكات أجهزة التتبع+بنزين +غسيل | W10: 197.04 | Y10: مصاريف نقل +اشتراكات أجهزة التتبع+بنزين +غسيل | AB10: 284 | AD10: مصاريف نقل +اشتراكات أجهزة التتبع+بنزين +غسيل | AG10: =AB10+W10+S10+N10+I10+D10 -> 1475.7501
A11: مصروف فحص دوري وكرت تشغيل | D11: 0 | F11: مصروف فحص دوري وكرت تشغيل | I11: 0 | K11: مصروف فحص دوري وكرت تشغيل | N11: 0 | P11: مصروف فحص دوري وكرت تشغيل | S11: 0 | T11: مصروف فحص دوري وكرت تشغيل | W11: 133 | Y11: مصروف فحص دوري وكرت تشغيل | AB11: 100 | AD11: مصروف فحص دوري وكرت تشغيل | AG11: =AB11+W11+S11+N11+I11+D11 -> 233
A12: 2102 عمولات بنكية على المشتريات | D12: 94.394391 | F12: 2102 عمولات بنكية على المشتريات | I12: 63.562202 | K12: 2102 عمولات بنكية على المشتريات | N12: 184.96599 | P12: 2102 عمولات بنكية على المشتريات | S12: 151.39928 | T12: 2102 عمولات بنكية على المشتريات | W12: 3.8199959 | Y12: 2102 عمولات بنكية على المشتريات | AB12: 52.219607 | AD12: 2102 عمولات بنكية على المشتريات | AG12: =AB12+W12+S12+N12+I12+D12 -> 550.36147
A13: صيانة السيارات واصلاحات من حوادث | D13: =290+652.67 -> 942.67 | F13: صيانة السيارات واصلاحات من حوادث | I13: 1544.04 | K13: صيانة السيارات واصلاحات من حوادث | N13: 1092.89 | P13: صيانة السيارات واصلاحات من حوادث | S13: 1291.87 | T13: صيانة السيارات واصلاحات من حوادث | W13: 715.23 | Y13: صيانة السيارات واصلاحات من حوادث | AB13: 610.87 | AD13: صيانة السيارات واصلاحات من حوادث | AG13: =AB13+W13+S13+N13+I13+D13 -> 6197.57
A14: مصاريف تأمينات السيارات | D14: 0 | F14: مصاريف تأمينات السيارات | I14: 0 | K14: مصاريف تأمينات السيارات | N14: 0 | P14: مصاريف تأمينات السيارات | S14: 875.914 | T14: مصاريف تأمينات السيارات | W14: 875.91 | Y14: مصاريف تأمينات السيارات | AB14: 875.91 | AD14: مصاريف تأمينات السيارات | AG14: =AB14+W14+S14+N14+I14+D14 -> 2627.734
A15: مصاريف غيار زيت | D15: 393.27 | F15: مصاريف غيار زيت | I15: 671.09 | K15: مصاريف غيار زيت | N15: 791.08 | P15: مصاريف غيار زيت | S15: 654.12 | T15: مصاريف غيار زيت | W15: 950.21 | Y15: مصاريف غيار زيت | AB15: 393.27 | AD15: مصاريف غيار زيت | AG15: =AB15+W15+S15+N15+I15+D15 -> 3853.04
A16: مصروفات حكومية | D16: 300 | F16: مصروفات حكومية | I16: 375 | K16: مصروفات حكومية | N16: 300 | P16: مصروفات حكومية | T16: مصروفات حكومية | W16: 300 | Y16: مصروفات حكومية | AB16: 300 | AD16: مصروفات حكومية | AG16: =AB16+W16+S16+N16+I16+D16 -> 1575
A17: اجمـالى مصروفات التشغيل | D17: =SUM(D10:D16) -> 1934.3444 | F17: اجمـالى مصروفات التشغيل | I17: =SUM(I10:I16) -> 2867.6922 | K17: اجمـالى مصروفات التشغيل | N17: =SUM(N10:N16) -> 2761.6361 | P17: اجمـالى مصروفات التشغيل | S17: =SUM(S10:S16) -> 3157.3033 | T17: اجمـالى مصروفات التشغيل | W17: =SUM(W10:W16) -> 3175.21 | Y17: اجمـالى مصروفات التشغيل | AB17: =SUM(AB10:AB16) -> 2616.2696 | AD17: اجمـالى مصروفات التشغيل | AG17: =AB17+W17+S17+N17+I17+D17 -> 16512.456
A18: صافي الربح/الخسارة | D18: =D9-D17 -> 22942.23 | F18: صافي الربح/الخسارة | I18: =I9-I17 -> 14607.108 | K18: صافي الربح/الخسارة | N18: =N9-N17 -> 22074.277 | P18: صافي الربح/الخسارة | S18: =S9-S17 -> 25015.74 | T18: صافي الربح/الخسارة | W18: =W9-W17 -> 16403.051 | Y18: صافي الربح/الخسارة | AB18: =AB9-AB17 -> 16164.6 | AD18: صافي الربح/الخسارة | AG18: =AB18+W18+S18+N18+I18+D18 -> 117207.01
A19: نسبة التشغيل من الإيرادات (30%) | D19: =D18*0.3 -> 6882.6691 | F19: نسبة التشغيل من الإيرادات (30%) | I19: =I18*0.3 -> 4382.1323 | K19: نسبة التشغيل من الإيرادات (30%) | N19: =N18*0.3 -> 6622.2831 | P19: نسبة التشغيل من الإيرادات (30%) | S19: =S18*0.3 -> 7504.7221 | T19: نسبة التشغيل من الإيرادات (30%) | W19: =W18*0.3 -> 4920.9153 | Y19: نسبة التشغيل من الإيرادات (30%) | AB19: =AB18*0.3 -> 4849.38 | AD19: نسبة التشغيل من الإيرادات (30%) | AG19: =AB19+W19+S19+N19+I19+D19 -> 35162.102
A20: نسبة الربح من الإيرادات (70%) | D20: =D18-D19 -> 16059.561 | F20: نسبة الربح من الإيرادات (70%) | I20: =I18-I19 -> 10224.975 | K20: نسبة الربح من الإيرادات (70%) | N20: =N18-N19 -> 15451.994 | P20: نسبة الربح من الإيرادات (70%) | S20: =S18-S19 -> 17511.018 | T20: نسبة الربح من الإيرادات (70%) | W20: =W18-W19 -> 11482.136 | Y20: نسبة الربح من الإيرادات (70%) | AB20: =AB18-AB19 -> 11315.22 | AD20: نسبة الربح من الإيرادات (70%) | AG20: =AB20+W20+S20+N20+I20+D20 -> 82044.904
A21: ما تم سحبه من قبل المستمر | D21: 5000 | F21: ما تم سحبه من قبل المستمر | I21: 5000 | K21: ما تم سحبه من قبل المستمر | N21: 5000 | P21: ما تم سحبه من قبل المستمر | S21: 5000 | T21: ما تم سحبه من قبل المستمر | W21: 5000 | Y21: ما تم سحبه من قبل المستمر | AD21: ما تم سحبه من قبل المستمر | AG21: =AB21+W21+S21+N21+I21+D21 -> 25000
A22: المتبقي | D22: =D20-D21 -> 11059.561 | F22: المتبقي | I22: =I20-I21 -> 5224.9755 | K22: المتبقي | N22: =N20-N21 -> 10451.994 | P22: المتبقي | S22: =S20-S21 -> 12511.018 | T22: المتبقي | W22: =W20-W21 -> 6482.1356 | Y22: المتبقي | AB22: =AB20-AB21 -> 11315.22 | AD22: المتبقي | AG22: =AB22+W22+S22+N22+I22+D22 -> 57044.904
A23: رصيد سنوات سابقة | B23: رصيد سنوات سابقة | D23: 0 | F23: رصيد سنوات سابقة | G23: رصيد سنوات سابقة | I23: 0 | K23: رصيد سنوات سابقة | L23: رصيد سنوات سابقة | N23: 0 | P23: رصيد سنوات سابقة | Q23: رصيد سنوات سابقة | S23: 0 | T23: رصيد سنوات سابقة | U23: رصيد سنوات سابقة | W23: 0 | Y23: رصيد سنوات سابقة | Z23: رصيد سنوات سابقة | AB23: 0 | AD23: رصيد سنوات سابقة | AE23: رصيد سنوات سابقة | AG23: =AB23+W23+S23+N23+I23+D23 -> 0
A24: اجمالى الرصيد | B24: اجمالى الرصيد | D24: =D22+D23 -> 11059.561 | F24: اجمالى الرصيد | G24: اجمالى الرصيد | I24: =I22+I23 -> 5224.9755 | K24: اجمالى الرصيد | L24: اجمالى الرصيد | N24: =N22+N23 -> 10451.994 | P24: اجمالى الرصيد | Q24: اجمالى الرصيد | S24: =S22+S23 -> 12511.018 | T24: اجمالى الرصيد | U24: اجمالى الرصيد | W24: =W22+W23 -> 6482.1356 | Y24: اجمالى الرصيد | Z24: اجمالى الرصيد | AB24: =AB22+AB23 -> 11315.22 | AD24: اجمالى الرصيد | AE24: اجمالى الرصيد | AG24: =AB24+W24+S24+N24+I24+D24 -> 57044.904
F25: مديونية السيارة | K25: مديونية السيارة | Y25: مديونية السيارة
F26: الاسم | G26: تاريخ المطالبه | H26: رقم المطالبة | I26: مبلغ المديونية | K26: الاسم | L26: تاريخ المطالبة | M26: رقم المطالبه | N26: المبلغ | Y26: الاسم | Z26: تاريخ المطالبة | AA26: رقم المطالبه | AB26: المبلغ
F27: محمد احمد عبدالله المصباحي | G27: 2024 | H27: المتابعه مع الشئون القانونية | I27: 174.99 | K27: صالح زينهم عبدالعزيز حسن | L27: 2023 | M27: 401014001154405 | N27: 10074 | Y27: حنان دسوقي توفيق عبدالمنعم | Z27: 45199 | AA27: 401014501649117 | AB27: 2826.32 | AI27: المسحوبات
AH28: 10000 | AI28: 45389
AH29: 15000 | AI29: 45631

Sheet سامي عبيد الله العوفي
A1: تقرير المستثمر : سامي عبيد الله العوفي ( 31-12-2024 ) | F1: تقرير المستثمر : سامي عبيد الله العوفي ( 31-12-2024 ) | K1: تقرير المستثمر : سامي عبيد الله العوفي ( 31-12-2024 ) | P1: تقرير المستثمر : سامي عبيد الله العوفي ( 31-12-2024 ) | U1: تقرير المستثمر : سامي عبيد الله العوفي ( 31-12-2024 ) | Y1: تقرير المستثمر : سامي عبيد الله العوفي ( 31-12-2024 ) | AD1: تقرير المستثمر : سامي عبيد الله العوفي ( 31-12-2024 )
A2: نوع السيارة | C2: اتراج2022 | F2: نوع السيارة | H2: بيجاس2023 | K2: نوع السيارة | M2: هوينداي I10-2024 | P2: نوع السيارة | R2: هوينداي I10-2024 | U2: نوع السيارة | W2: هوينداي I10-2024 | Y2: نوع السيارة | AA2: يارس فضي 2021 | AD2: نوع السيارة | AF2: أتراج 2022-بيجاس 2023-يارس 2021 -هوينداي I10-2024
A3: رقم اللوحة | C3: ر ا ل 7847 | F3: رقم اللوحة | H3: ر ر س 5432 | K3: رقم اللوحة | M3: ر ك س 3590 | P3: رقم اللوحة | R3: ر ك س 3497 | U3: رقم اللوحة | W3: ر ك س 3498 | Y3: رقم اللوحة | AA3: 2066 د ه و | AD3: رقم اللوحة | AF3: =C3&"-"&H3&" - "&M3&" - "&R3&" - "&W3&" - "&AA3 -> ر ا ل 7847-ر ر س 5432 - ر ك س 3590 - ر ك س 3497 - ر ك س 3498 - 2066 د ه و
M4: تاريخ الإضافة 21-4-2024 | R4: تاريخ الإضافة 21-4-2024 | W4: تاريخ الإضافة 21-4-2024
A5: الحساب | D5: المبلغ | F5: الحساب | I5: المبلغ | K5: الحساب | N5: المبلغ | P5: الحساب | S5: المبلغ | U5: الحساب | X5: المبلغ | Y5: الحساب | AB5: المبلغ | AD5: الحساب | AG5: المبلغ
A6: ايراد تشغيل والإصلاحات | D6: 20752.174 | F6: ايراد تشغيل والإصلاحات | I6: 21065.217 | K6: ايراد تشغيل والإصلاحات | N6: 14111.296 | P6: ايراد تشغيل والإصلاحات | S6: 10360.87 | U6: ايراد تشغيل والإصلاحات | X6: 16278.974 | Y6: ايراد تشغيل والإصلاحات | AB6: 0 | AD6: ايراد تشغيل والإصلاحات | AG6: =D6+I6+N6+S6+X6+AB6 -> 82568.53
A7: تعويض شركات التأمين | D7: 0 | F7: تعويض شركات التأمين | I7: 16000 | K7: تعويض شركات التأمين | N7: 0 | P7: تعويض شركات التأمين | S7: 0 | U7: تعويض شركات التأمين | X7: 0 | Y7: تعويض شركات التأمين | AB7: 0 | AD7: تعويض شركات التأمين | AG7: =D7+I7+N7+S7+X7+AB7 -> 16000
A8: إيرادات مديونيات أعوام سابقة | D8: 0 | F8: إيرادات مديونيات أعوام سابقة | I8: 0 | K8: إيرادات مديونيات أعوام سابقة | N8: 0 | P8: إيرادات مديونيات أعوام سابقة | U8: إيرادات مديونيات أعوام سابقة | Y8: إيرادات مديونيات أعوام سابقة | AB8: 0 | AD8: إيرادات مديونيات أعوام سابقة | AG8: =D8+I8+N8+S8+X8+AB8 -> 0
A9: اجمالي ايراد السيارة | D9: =SUM(D6:D8) -> 20752.174 | F9: اجمالي ايراد السيارة | I9: =SUM(I6:I8) -> 37065.217 | K9: اجمالي ايراد السيارة | N9: =SUM(N6:N8) -> 14111.296 | P9: اجمالي ايراد السيارة | S9: =SUM(S6:S8) -> 10360.87 | U9: اجمالي ايراد السيارة | X9: =SUM(X6:X8) -> 16278.974 | Y9: اجمالي ايراد السيارة | AB9: =SUM(AB6:AB8) -> 0 | AD9: اجمالي ايراد السيارة | AG9: =D9+I9+N9+S9+X9+AB9 -> 98568.53
A10: مصاريف نقل +اشتراكات أجهزة التتبع+بنزين +غسيل | D10: 384.0001 | F10: مصاريف نقل +اشتراكات أجهزة التتبع+بنزين +غسيل | I10: 184 | K10: مصاريف نقل +اشتراكات أجهزة التتبع+بنزين +غسيل | N10: 63.39 | P10: مصاريف نقل +اشتراكات أجهزة التتبع+بنزين +غسيل | S10: 66 | U10: مصاريف نقل +اشتراكات أجهزة التتبع+بنزين +غسيل | X10: 46 | Y10: مصاريف نقل +اشتراكات أجهزة التتبع+بنزين +غسيل | AB10: 184 | AD10: مصاريف نقل +اشتراكات أجهزة التتبع+بنزين +غسيل | AG10: =D10+I10+N10+S10+X10+AB10 -> 927.3901
A11: مصروف فحص دوري وكرت تشغيل | D11: 0 | F11: مصروف فحص دوري وكرت تشغيل | I11: 0 | K11: مصروف فحص دوري وكرت تشغيل | N11: 0 | P11: مصروف فحص دوري وكرت تشغيل | S11: 0 | U11: مصروف فحص دوري وكرت تشغيل | X11: 0 | Y11: مصروف فحص دوري وكرت تشغيل | AB11: 133 | AD11: مصروف فحص دوري وكرت تشغيل | AG11: =D11+I11+N11+S11+X11+AB11 -> 133
A12: 2102 عمولات بنكية على المشتريات | D12: 97.740005 | F12: 2102 عمولات بنكية على المشتريات | I12: 159.85495 | K12: 2102 عمولات بنكية على المشتريات | N12: 81.55001 | P12: 2102 عمولات بنكية على المشتريات | S12: 7.41 | U12: 2102 عمولات بنكية على المشتريات | X12: 124.14 | Y12: 2102 عمولات بنكية على المشتريات | AD12: 2102 عمولات بنكية على المشتريات | AG12: =D12+I12+N12+S12+X12+AB12 -> 470.69497
A13: صيانة السيارات واصلاحات من حوادث | D13: 215.5 | F13: صيانة السيارات واصلاحات من حوادث | I13: 3420.3 | K13: صيانة السيارات واصلاحات من حوادث | N13: 0 | P13: صيانة السيارات واصلاحات من حوادث | S13: 0 | U13: صيانة السيارات واصلاحات من حوادث | X13: 0 | Y13: صيانة السيارات واصلاحات من حوادث | AB13: 80 | AD13: صيانة السيارات واصلاحات من حوادث | AG13: =D13+I13+N13+S13+X13+AB13 -> 3715.8
A14: مصاريف تأمينات السيارات | D14: 0 | F14: مصاريف تأمينات السيارات | I14: 875.914 | K14: مصاريف تأمينات السيارات | N14: 875.91 | P14: مصاريف تأمينات السيارات | S14: 875.91 | U14: مصاريف تأمينات السيارات | X14: 875.91 | Y14: مصاريف تأمينات السيارات | AB14: 875.91 | AD14: مصاريف تأمينات السيارات | AG14: =D14+I14+N14+S14+X14+AB14 -> 4379.554
A15: مصاريف غيار زيت | D15: 405 | F15: مصاريف غيار زيت | I15: 283.04 | K15: مصاريف غيار زيت | N15: 240 | P15: مصاريف غيار زيت | S15: 375 | U15: مصاريف غيار زيت | X15: 240 | Y15: مصاريف غيار زيت | AD15: مصاريف غيار زيت | AG15: =D15+I15+N15+S15+X15+AB15 -> 1543.04
A16: مصروفات حكومية | D16: 1050 | F16: مصروفات حكومية | I16: 57.5 | K16: مصروفات حكومية | N16: 0 | P16: مصروفات حكومية | U16: مصروفات حكومية | X16: 0 | Y16: مصروفات حكومية | AB16: 525 | AD16: مصروفات حكومية | AG16: =D16+I16+N16+S16+X16+AB16 -> 1632.5
A17: اجمـالى مصروفات التشغيل | D17: =SUM(D10:D16) -> 2152.2401 | F17: اجمـالى مصروفات التشغيل | I17: =SUM(I10:I16) -> 4980.609 | K17: اجمـالى مصروفات التشغيل | N17: =SUM(N10:N16) -> 1260.85 | P17: اجمـالى مصروفات التشغيل | S17: =SUM(S10:S16) -> 1324.32 | U17: اجمـالى مصروفات التشغيل | X17: =SUM(X10:X16) -> 1286.05 | Y17: اجمـالى مصروفات التشغيل | AB17: =SUM(AB10:AB16) -> 1797.91 | AD17: اجمـالى مصروفات التشغيل | AG17: =D17+I17+N17+S17+X17+AB17 -> 12801.979
A18: صافي الربح/الخسارة | D18: =D9-D17 -> 18599.934 | F18: صافي الربح/الخسارة | I18: =I9-I17 -> 32084.608 | K18: صافي الربح/الخسارة | N18: =N9-N17 -> 12850.446 | P18: صافي الربح/الخسارة | S18: =S9-S17 -> 9036.5496 | U18: صافي الربح/الخسارة | X18: =X9-X17 -> 14992.924 | Y18: صافي الربح/الخسارة | AB18: =AB9-AB17 -> -1797.91 | AD18: صافي الربح/الخسارة | AG18: =D18+I18+N18+S18+X18+AB18 -> 85766.551
A19: نسبة التشغيل من الإيرادات (30%) | D19: =D18*0.3 -> 5579.9801 | F19: نسبة التشغيل من الإيرادات (30%) | I19: =I18*0.3 -> 9625.3825 | K19: نسبة التشغيل من الإيرادات (30%) | N19: =N18*0.3 -> 3855.1337 | P19: نسبة التشغيل من الإيرادات (30%) | S19: =S18*0.3 -> 2710.9649 | U19: نسبة التشغيل من الإيرادات (30%) | X19: =X18*0.3 -> 4497.8772 | Y19: نسبة التشغيل من الإيرادات (30%) | AB19: 0 | AD19: نسبة التشغيل من الإيرادات (30%) | AG19: =D19+I19+N19+S19+X19+AB19 -> 26269.338
A20: نسبة الربح من الإيرادات (70%) | D20: =D18-D19 -> 13019.954 | F20: نسبة الربح من الإيرادات (70%) | I20: =I18-I19 -> 22459.226 | K20: نسبة الربح من الإيرادات (70%) | N20: =N18-N19 -> 8995.3119 | P20: نسبة الربح من الإيرادات (70%) | S20: =S18-S19 -> 6325.5847 | U20: نسبة الربح من الإيرادات (70%) | X20: =X18-X19 -> 10495.047 | Y20: نسبة الربح من الإيرادات (70%) | AB20: =AB18-AB19 -> -1797.91 | AD20: نسبة الربح من الإيرادات (70%) | AG20: =D20+I20+N20+S20+X20+AB20 -> 59497.213
A21: ما تم سحبه من قبل المستمر | F21: ما تم سحبه من قبل المستمر | K21: ما تم سحبه من قبل المستمر | P21: ما تم سحبه من قبل المستمر | U21: ما تم سحبه من قبل المستمر | Y21: ما تم سحبه من قبل المستمر | AB21: 0 | AD21: ما تم سحبه من قبل المستمر | AG21: =D21+I21+N21+S21+X21+AB21 -> 0
A22: المتبقي | D22: =D20-D21 -> 13019.954 | F22: المتبقي | I22: =I20-I21 -> 22459.226 | K22: المتبقي | N22: =N20-N21 -> 8995.3119 | P22: المتبقي | S22: =S20-S21 -> 6325.5847 | U22: المتبقي | X22: =X20-X21 -> 10495.047 | Y22: المتبقي | AB22: =AB20-AB21 -> -1797.91 | AD22: المتبقي | AG22: =D22+I22+N22+S22+X22+AB22 -> 59497.213
A23: رصيد سنوات سابقة | B23: رصيد سنوات سابقة | F23: رصيد سنوات سابقة | G23: رصيد سنوات سابقة | K23: رصيد سنوات سابقة | L23: رصيد سنوات سابقة | P23: رصيد سنوات سابقة | Q23: رصيد سنوات سابقة | U23: رصيد سنوات سابقة | V23: رصيد سنوات سابقة | Y23: رصيد سنوات سابقة | Z23: رصيد سنوات سابقة | AB23: 0 | AD23: رصيد سنوات سابقة | AE23: رصيد سنوات سابقة | AG23: =D23+I23+N23+S23+X23+AB23 -> 0
A24: اجمالى الرصيد | B24: اجمالى الرصيد | D24: =D22+D23 -> 13019.954 | F24: اجمالى الرصيد | G24: اجمالى الرصيد | I24: =I22+I23 -> 22459.226 | K24: اجمالى الرصيد | L24: اجمالى الرصيد | N24: =N22+N23 -> 8995.3119 | P24: اجمالى الرصيد | Q24: اجمالى الرصيد | S24: =S22+S23 -> 6325.5847 | U24: اجمالى الرصيد | V24: اجمالى الرصيد | X24: =X22+X23 -> 10495.047 | Y24: اجمالى الرصيد | Z24: اجمالى الرصيد | AB24: =AB22+AB23 -> -1797.91 | AD24: اجمالى الرصيد | AE24: اجمالى الرصيد | AG24: =D24+I24+N24+S24+X24+AB24 -> 59497.213
L25: قيمة السيارة | N25: 50571 | Q25: قيمة السيارة | S25: 50571 | V25: قيمة السيارة | X25: 50571 | Y25: مديونية السيارة | AD25: المدفوع من سامي ( حولات بنكية ) | AG25: 128000
Y26: الاسم | Z26: تاريخ المطالبة | AA26: رقم المطالبه | AB26: المبلغ | AD26: اجمالى قيمة السيارات حسب عرض السعر المرسل | AG26: =50571*3 -> 151713
Y27: محمود عبدالحليم محمود محمد | Z27: 45220 | AA27: 401014501694085 | AB27: 15279.12 | AD27: المتبقى عليه من قيمة السيارات بعد خصم الأرباح والمبلغ المدفوع من قبله | AG27: =AG24+AG25-AG26 -> 35784.213

Sheet احمد عبيدالله
A1: تقرير المستثمر : احمد عبيدالله مبارك العوفي ( 31-12-2024 ) | F1: تقرير المستثمر : احمد عبيدالله مبارك العوفي ( 31-12-2024 ) | K1: تقرير المستثمر : احمد عبيدالله مبارك العوفي ( 31-12-2024 )
A2: نوع السيارة | C2: يارس أبيض 2021 | F2: نوع السيارة | H2: يارس فضي 2021 | K2: نوع السيارة | M2: =H2&" - "&C2 -> يارس فضي 2021 - يارس أبيض 2021
A3: رقم اللوحة | C3: 2075 DHU | F3: رقم اللوحة | H3: 2064 د ه و | K3: رقم اللوحة | M3: =C3&"-"&H3 -> 2075 DHU-2064 د ه و
A5: الحساب | D5: المبلغ | F5: الحساب | I5: المبلغ | K5: الحساب | N5: المبلغ
A6: ايراد تشغيل والإصلاحات | D6: 26802.609 | F6: ايراد تشغيل والإصلاحات | I6: 21913.043 | K6: ايراد تشغيل والإصلاحات | N6: =D6+I6 -> 48715.652
A7: تعويض شركات التأمين | D7: 0 | F7: تعويض شركات التأمين | I7: 1969.75 | K7: تعويض شركات التأمين | N7: =D7+I7 -> 1969.75
A8: إيرادات مديونيات أعوام سابقة | D8: 0 | F8: إيرادات مديونيات أعوام سابقة | I8: 0 | K8: إيرادات مديونيات أعوام سابقة | N8: =D8+I8 -> 0
A9: اجمالي ايراد السيارة | D9: =SUM(D6:D8) -> 26802.609 | F9: اجمالي ايراد السيارة | I9: =SUM(I6:I8) -> 23882.793 | K9: اجمالي ايراد السيارة | N9: =D9+I9 -> 50685.402
A10: مصاريف نقل +اشتراكات أجهزة التتبع+بنزين +غسيل | D10: 814.7201 | F10: مصاريف نقل +اشتراكات أجهزة التتبع+بنزين +غسيل | I10: 204 | K10: مصاريف نقل +اشتراكات أجهزة التتبع+بنزين +غسيل | N10: =D10+I10 -> 1018.7201
A11: مصروف فحص دوري وكرت تشغيل | D11: 100 | F11: مصروف فحص دوري وكرت تشغيل | I11: 100 | K11: مصروف فحص دوري وكرت تشغيل | N11: =D11+I11 -> 200
A12: 2102 عمولات بنكية على المشتريات | D12: 108.3604 | F12: 2102 عمولات بنكية على المشتريات | I12: 1.9 | K12: 2102 عمولات بنكية على المشتريات | N12: =D12+I12 -> 110.2604
A13: صيانة السيارات واصلاحات من حوادث | D13: 3252.781 | F13: صيانة السيارات واصلاحات من حوادث | I13: 1654.33 | K13: صيانة السيارات واصلاحات من حوادث | N13: =D13+I13 -> 4907.111
A14: مصاريف تأمينات السيارات | D14: 875.91 | F14: مصاريف تأمينات السيارات | I14: 875.91 | K14: مصاريف تأمينات السيارات | N14: =D14+I14 -> 1751.82
A15: مصاريف غيار زيت | D15: 924.12 | F15: مصاريف غيار زيت | I15: 133.04 | K15: مصاريف غيار زيت | N15: =D15+I15 -> 1057.16
A16: مصروفات حكومية | D16: 300 | F16: مصروفات حكومية | I16: 550 | K16: مصروفات حكومية | N16: =D16+I16 -> 850
A17: اجمـالى مصروفات التشغيل | D17: =SUM(D10:D16) -> 6375.8915 | F17: اجمـالى مصروفات التشغيل | I17: =SUM(I10:I16) -> 3519.18 | K17: اجمـالى مصروفات التشغيل | N17: =D17+I17 -> 9895.0715
A18: صافي الربح/الخسارة | D18: =D9-D17 -> 20426.717 | F18: صافي الربح/الخسارة | I18: =I9-I17 -> 20363.613 | K18: صافي الربح/الخسارة | N18: =D18+I18 -> 40790.331
A19: نسبة التشغيل من الإيرادات (30%) | D19: =D18*0.3 -> 6128.0152 | F19: نسبة التشغيل من الإيرادات (30%) | I19: =I18*0.3 -> 6109.084 | K19: نسبة التشغيل من الإيرادات (30%) | N19: =D19+I19 -> 12237.099
A20: نسبة الربح من الإيرادات (70%) | D20: =D18-D19 -> 14298.702 | F20: نسبة الربح من الإيرادات (70%) | I20: =I18-I19 -> 14254.529 | K20: نسبة الربح من الإيرادات (70%) | N20: =D20+I20 -> 28553.231
A21: ما تم سحبه من قبل المستمر | F21: ما تم سحبه من قبل المستمر | K21: ما تم سحبه من قبل المستمر | N21: =D21+I21 -> 0
A22: المتبقي | D22: =D20-D21 -> 14298.702 | F22: المتبقي | I22: =I20-I21 -> 14254.529 | K22: المتبقي | N22: =D22+I22 -> 28553.231
A23: رصيد سنوات سابقة | B23: رصيد سنوات سابقة | D23: 0 | F23: رصيد سنوات سابقة | G23: رصيد سنوات سابقة | I23: 0 | K23: رصيد سنوات سابقة | L23: رصيد سنوات سابقة | N23: =D23+I23 -> 0
A24: اجمالى الرصيد | B24: اجمالى الرصيد | D24: =D22+D23 -> 14298.702 | F24: اجمالى الرصيد | G24: اجمالى الرصيد | I24: =I22+I23 -> 14254.529 | K24: اجمالى الرصيد | L24: اجمالى الرصيد | N24: =D24+I24 -> 28553.231

Sheet مقبل ناجي عوض العلوني
A1: تقرير المستثمر : مقبل ناجي عوض العلوني ( 31-12-2024 ) | F1: تقرير المستثمر : مقبل ناجي عوض العلوني ( 31-12-2024 ) | K1: تقرير المستثمر : مقبل ناجي عوض العلوني ( 31-12-2024 ) | P1: تقرير المستثمر : مقبل ناجي عوض العلوني ( 31-12-2024 ) | U1: تقرير المستثمر : مقبل ناجي عوض العلوني ( 31-12-2024 ) | Z1: تقرير المستثمر : مقبل ناجي عوض العلوني ( 31-12-2024 ) | AE1: تقرير المستثمر : مقبل ناجي عوض العلوني ( 31-12-2024 ) - اجمالى السيارات
A2: نوع السيارة | C2: بيجاس2022 | F2: نوع السيارة | H2: اكسنت2020 | K2: نوع السيارة | M2: اتراج2022 | P2: نوع السيارة | R2: يارس 2023 | U2: نوع السيارة | W2: يارس فضي 2021 | Z2: نوع السيارة | AB2: يارس أبيض 2021 | AE2: العدد | AG2: 6
A3: رقم اللوحة | C3: د ي ر 9714 | F3: رقم اللوحة | H3: د م ا 9368 | K3: رقم اللوحة | M3: د ل ص 4738 | P3: رقم اللوحة | R3: 1232 ر د ب | U3: رقم اللوحة | W3: 2067 د ه و | Z3: رقم اللوحة | AB3: 2068 د ه و | AE3: =C3&"- "&H3&" - "&M3&" - "&R3&" - "&W3&" - "&AB3 -> د ي ر 9714- د م ا 9368 - د ل ص 4738 - 1232 ر د ب - 2067 د ه و - 2068 د ه و
A5: الحساب | D5: المبلغ | F5: الحساب | I5: المبلغ | K5: الحساب | N5: المبلغ | P5: الحساب | S5: المبلغ | U5: الحساب | X5: المبلغ | Z5: الحساب | AC5: المبلغ | AE5: الحساب | AH5: المبلغ
A6: ايراد تشغيل والإصلاحات | D6: 23150.443 | F6: ايراد تشغيل والإصلاحات | I6: 26421.652 | K6: ايراد تشغيل والإصلاحات | N6: 18217.391 | P6: ايراد تشغيل والإصلاحات | S6: =29299.3565217391-300 -> 28999.357 | U6: ايراد تشغيل والإصلاحات | X6: 18440.435 | Z6: ايراد تشغيل | AC6: 7129.5652 | AE6: ايراد تشغيل | AH6: =D6+I6+N6+S6+X6+AC6 -> 122358.84
A7: تعويض شركات التأمين | D7: 0 | F7: تعويض شركات التأمين | I7: 0 | K7: تعويض شركات التأمين | N7: 0 | P7: تعويض شركات التأمين | S7: 0 | U7: تعويض شركات التأمين | X7: 0 | Z7: تعويض شركات التأمين | AC7: 13340 | AE7: تعويض شركات التأمين | AH7: =D7+I7+N7+S7+X7+AC7 -> 13340
A8: إيرادات مديونيات أعوام سابقة | D8: 0 | F8: إيرادات مديونيات أعوام سابقة | I8: 0 | K8: إيرادات مديونيات أعوام سابقة | P8: إيرادات مديونيات أعوام سابقة | S8: 300 | U8: إيرادات مديونيات أعوام سابقة | X8: 0 | Z8: إيرادات مديونيات أعوام سابقة | AC8: 0 | AE8: إيرادات مديونيات أعوام سابقة | AH8: =D8+I8+N8+S8+X8+AC8 -> 300
A9: اجمالي ايراد السيارة | D9: =SUM(D6:D8) -> 23150.443 | F9: اجمالي ايراد السيارة | I9: =SUM(I6:I8) -> 26421.652 | K9: اجمالي ايراد السيارة | N9: =SUM(N6:N8) -> 18217.391 | P9: اجمالي ايراد السيارة | S9: =SUM(S6:S8) -> 29299.357 | U9: اجمالي ايراد السيارة | X9: =SUM(X6:X8) -> 18440.435 | Z9: اجمالي ايراد السيارة | AC9: =SUM(AC6:AC8) -> 20469.565 | AE9: اجمالي ايراد السيارة | AH9: =D9+I9+N9+S9+X9+AC9 -> 135998.84
A10: مصاريف نقل +اشتراكات أجهزة التتبع+بنزين +غسيل | D10: 184 | F10: مصاريف نقل +اشتراكات أجهزة التتبع+بنزين +غسيل | I10: 184 | K10: مصاريف نقل +اشتراكات أجهزة التتبع+بنزين +غسيل | N10: 184 | P10: مصاريف نقل +اشتراكات أجهزة التتبع+بنزين +غسيل | S10: 201.39 | U10: مصاريف نقل +اشتراكات أجهزة التتبع+بنزين +غسيل | X10: 325.96 | Z10: مصاريف نقل +اشتراكات أجهزة التتبع+بنزين +غسيل | AC10: =234+400 -> 634 | AE10: مصاريف نقل +اشتراكات أجهزة التتبع+بنزين +غسيل | AH10: =D10+I10+N10+S10+X10+AC10 -> 1713.35
A11: مصروف فحص دوري وكرت تشغيل | D11: 0 | F11: مصروف فحص دوري وكرت تشغيل | I11: 0 | K11: مصروف فحص دوري وكرت تشغيل | N11: 0 | P11: مصروف فحص دوري وكرت تشغيل | S11: 0 | U11: مصروف فحص دوري وكرت تشغيل | X11: 100 | Z11: مصروف فحص دوري وكرت تشغيل | AC11: 100 | AE11: مصروف فحص دوري وكرت تشغيل | AH11: =D11+I11+N11+S11+X11+AC11 -> 200
A12: 2102 عمولات بنكية على المشتريات | D12: 173.99275 | F12: 2102 عمولات بنكية على المشتريات | I12: 0 | K12: 2102 عمولات بنكية على المشتريات | N12: 1.84 | P12: 2102 عمولات بنكية على المشتريات | S12: 135.61003 | U12: 2102 عمولات بنكية على المشتريات | X12: 100.33384 | Z12: 2102 عمولات بنكية على المشتريات | AC12: 0 | AE12: 2102 عمولات بنكية على المشتريات | AH12: =D12+I12+N12+S12+X12+AC12 -> 411.77662
A13: صيانة السيارات واصلاحات من حوادث | D13: 78.48 | F13: صيانة السيارات واصلاحات من حوادث | I13: 574.36 | K13: صيانة السيارات واصلاحات من حوادث | N13: 798.11 | P13: صيانة السيارات واصلاحات من حوادث | S13: 1253.69 | U13: صيانة السيارات واصلاحات من حوادث | X13: 2330.4325 | Z13: صيانة السيارات واصلاحات من حوادث | AC13: 13087.67 | AE13: صيانة السيارات واصلاحات من حوادث | AH13: =D13+I13+N13+S13+X13+AC13 -> 18122.743
A14: مصاريف تأمينات السيارات | D14: 875.91 | F14: مصاريف تأمينات السيارات | I14: 875.91 | K14: مصاريف تأمينات السيارات | N14: 0 | P14: مصاريف تأمينات السيارات | S14: 875.91 | U14: مصاريف تأمينات السيارات | X14: 875.91 | Z14: مصاريف تأمينات السيارات | AC14: 875.91 | AE14: مصاريف تأمينات السيارات | AH14: =D14+I14+N14+S14+X14+AC14 -> 4379.55
A15: مصاريف غيار زيت | D15: 506.97 | F15: مصاريف غيار زيت | I15: =227.4+34.78 -> 262.18 | K15: مصاريف غيار زيت | N15: 444.56 | P15: مصاريف غيار زيت | S15: 401.09 | U15: مصاريف غيار زيت | X15: 133.04 | Z15: مصاريف غيار زيت | AC15: 135 | AE15: مصاريف غيار زيت | AH15: =D15+I15+N15+S15+X15+AC15 -> 1882.84
A16: مصروفات حكومية | D16: 0 | F16: مصروفات حكومية | I16: 300 | K16: مصروفات حكومية | N16: 300 | P16: مصروفات حكومية | S16: 613 | U16: مصروفات حكومية | X16: 300 | Z16: مصروفات حكومية | AC16: 500 | AE16: مصروفات حكومية | AH16: =D16+I16+N16+S16+X16+AC16 -> 2013
A17: اجمـالى مصروفات التشغيل | D17: =SUM(D10:D16) -> 1819.3528 | F17: اجمـالى مصروفات التشغيل | I17: =SUM(I10:I16) -> 2196.45 | K17: اجمـالى مصروفات التشغيل | N17: =SUM(N10:N16) -> 1728.51 | P17: اجمـالى مصروفات التشغيل | S17: =SUM(S10:S16) -> 3480.69 | U17: اجمـالى مصروفات التشغيل | X17: =SUM(X10:X16) -> 4165.6763 | Z17: اجمـالى مصروفات التشغيل | AC17: =SUM(AC10:AC16) -> 15332.58 | AE17: اجمـالى مصروفات التشغيل | AH17: =D17+I17+N17+S17+X17+AC17 -> 28723.259
A18: صافي الربح/الخسارة | D18: =D9-D17 -> 21331.091 | F18: صافي الربح/الخسارة | I18: =I9-I17 -> 24225.202 | K18: صافي الربح/الخسارة | N18: =N9-N17 -> 16488.881 | P18: صافي الربح/الخسارة | S18: =S9-S17 -> 25818.666 | U18: صافي الربح/الخسارة | X18: =X9-X17 -> 14274.758 | Z18: صافي الربح/الخسارة | AC18: =AC9-AC17 -> 5136.9852 | AE18: صافي الربح/الخسارة | AH18: =D18+I18+N18+S18+X18+AC18 -> 107275.58
A19: نسبة التشغيل من الإيرادات (30%) | D19: =D18*0.3 -> 6399.3272 | F19: نسبة التشغيل من الإيرادات (30%) | I19: =I18*0.3 -> 7267.5607 | K19: نسبة التشغيل من الإيرادات (30%) | N19: =N18*0.3 -> 4946.6644 | P19: نسبة التشغيل من الإيرادات (30%) | S19: =S18*0.3 -> 7745.5999 | U19: نسبة التشغيل من الإيرادات (30%) | X19: =X18*0.3 -> 4282.4275 | Z19: نسبة التشغيل من الإيرادات (30%) | AC19: =AC18*0.3 -> 1541.0956 | AE19: نسبة التشغيل من الإيرادات (30%) | AH19: =D19+I19+N19+S19+X19+AC19 -> 32182.675
A20: نسبة الربح من الإيرادات (70%) | D20: =D18-D19 -> 14931.764 | F20: نسبة الربح من الإيرادات (70%) | I20: =I18-I19 -> 16957.642 | K20: نسبة الربح من الإيرادات (70%) | N20: =N18-N19 -> 11542.217 | P20: نسبة الربح من الإيرادات (70%) | S20: =S18-S19 -> 18073.067 | U20: نسبة الربح من الإيرادات (70%) | X20: =X18-X19 -> 9992.3309 | Z20: نسبة الربح من الإيرادات (70%) | AC20: =AC18-AC19 -> 3595.8897 | AE20: نسبة الربح من الإيرادات (70%) | AH20: =D20+I20+N20+S20+X20+AC20 -> 75092.909
A21: ما تم سحبه من قبل المستمر | F21: ما تم سحبه من قبل المستمر | K21: ما تم سحبه من قبل المستمر | N21: 0 | P21: ما تم سحبه من قبل المستمر | S21: 0 | U21: ما تم سحبه من قبل المستمر | X21: 0 | Z21: ما تم سحبه من قبل المستمر | AC21: 0 | AE21: ما تم سحبه من قبل المستمر | AH21: =D21+I21+N21+S21+X21+AC21 -> 0
A22: المتبقي | D22: =D20-D21 -> 14931.764 | F22: المتبقي | I22: =I20-I21 -> 16957.642 | K22: المتبقي | N22: =N20-N21 -> 11542.217 | P22: المتبقي | S22: =S20-S21 -> 18073.067 | U22: المتبقي | X22: =X20-X21 -> 9992.3309 | Z22: المتبقي | AC22: =AC20-AC21 -> 3595.8897 | AE22: المتبقي | AH22: =D22+I22+N22+S22+X22+AC22 -> 75092.909
A23: رصيد سنوات سابقة | B23: رصيد سنوات سابقة | D23: 12791 | F23: رصيد سنوات سابقة | G23: رصيد سنوات سابقة | I23: 0 | K23: رصيد سنوات سابقة | L23: رصيد سنوات سابقة | N23: 0 | P23: رصيد سنوات سابقة | Q23: رصيد سنوات سابقة | S23: 0 | U23: رصيد سنوات سابقة | V23: رصيد سنوات سابقة | X23: 0 | Z23: رصيد سنوات سابقة | AA23: رصيد سنوات سابقة | AC23: 0 | AE23: رصيد سنوات سابقة | AF23: رصيد سنوات سابقة | AH23: =D23+I23+N23+S23+X23+AC23 -> 12791
A24: اجمالى الرصيد | B24: اجمالى الرصيد | D24: =D22+D23 -> 27722.764 | F24: اجمالى الرصيد | G24: اجمالى الرصيد | I24: =I22+I23 -> 16957.642 | K24: اجمالى الرصيد | L24: اجمالى الرصيد | N24: =N22+N23 -> 11542.217 | P24: اجمالى الرصيد | Q24: اجمالى الرصيد | S24: =S22+S23 -> 18073.067 | U24: اجمالى الرصيد | V24: اجمالى الرصيد | X24: =X22+X23 -> 9992.3309 | Z24: اجمالى الرصيد | AA24: اجمالى الرصيد | AC24: =AC22+AC23 -> 3595.8897 | AE24: اجمالى الرصيد | AF24: اجمالى الرصيد | AH24: =D24+I24+N24+S24+X24+AC24 -> 87883.909
A25: مديونية السيارة | F25: مديونية السيارة | K25: مديونية السيارة | P25: مديونية السيارة | U25: مديونية السيارة
A26: الاسم | B26: تاريخ المطالبه | C26: رقم المطالبة | D26: مبلغ المديونية | F26: الاسم | G26: تاريخ المطالبه | H26: رقم المطالبه | I26: المبلغ | K26: الاسم | L26: تاريخ المطالبة | M26: رقم المطالبة | N26: المبلغ | P26: الاسم | Q26: تاريخ المطالبه | R26: رقم المطالبه | S26: المبلغ | U26: الاسم | V26: تاريخ المطالبه | W26: رقم المطالبه | X26: المبلغ
A27: فواز بن سلمان بن سمران المحياوي | B27: 44916 | C27: 401014401133659 | D27: 11584 | F27: عبدالله وهيب محمد طباخ | G27: 44423 | H27: 401014401445227 | I27: 5143.55 | K27: جميل نور احمد امداد حسين منير الزمان | L27: 2023 | M27: 401014401007388 | N27: 18140 | P27: احمد رجاءالله الرفاعي | Q27: 2023 | R27: المتابعة مع الشئون القانونية | S27: 11900.4 | U27: فهد علي مصلح العوفي | V27: 45045 | W27: 401014401342814 | X27: 13591.82
K28: عبدالمجيد محسن | L28: 45557 | M28: تم الرفع وفق سند لأمر | N28: 2816.51
W37: =V37+V29 -> 0

Sheet فايز رابح الشاماني
A1: تقرير المستثمر : فايز رابح الشاماني ( 31-12-2024 ) | F1: تقرير المستثمر : فايز رابح الشاماني ( 31-12-2024 ) | K1: تقرير المستثمر : فايز رابح الشاماني ( 31-12-2024 ) | P1: تقرير المستثمر : فايز رابح الشاماني ( 31-12-2024 ) | U1: تقرير المستثمر : فايز رابح الشاماني ( 31-12-2024 )
A2: نوع السيارة | C2: يارس فضي 2021 | F2: نوع السيارة | H2: يارس أبيض 2021 | K2: نوع السيارة | M2: تويوتا يارس -2024 | P2: نوع السيارة | R2: سزوكي دزير -2024 | U2: نوع السيارة | W2: =R2&" - "&M2&" - "&H2&" - "&C2 -> سزوكي دزير -2024 - تويوتا يارس -2024 - يارس أبيض 2021 - يارس فضي 2021
A3: رقم اللوحة | C3: 2071 DHU | F3: رقم اللوحة | H3: 2073 DHU | K3: رقم اللوحة | M3: ر ق و3938 | P3: رقم اللوحة | R3: ر ق ه 6756 | U3: رقم اللوحة | W3: =H3&" - "& C3&" - "&M3&" - "&R3 -> 2073 DHU - 2071 DHU - ر ق و3938 - ر ق ه 6756
M4: تاريخ الإضافة 4-4-2024 | S4: تاريخ الاضافة 21-4-2024
A5: الحساب | D5: المبلغ | F5: الحساب | I5: المبلغ | K5: الحساب | N5: المبلغ | P5: الحساب | S5: المبلغ | U5: الحساب | X5: المبلغ
A6: ايراد تشغيل والإصلاحات | D6: 17884.626 | F6: ايراد تشغيل والإصلاحات | I6: 18981.896 | K6: ايراد تشغيل والإصلاحات | N6: 16481.574 | P6: ايراد تشغيل والإصلاحات | S6: 17033.035 | U6: ايراد تشغيل والإصلاحات | X6: =I6+D6+S6+N6 -> 70381.13
A7: تعويض شركات التأمين | D7: 0 | F7: تعويض شركات التأمين | I7: 0 | K7: تعويض شركات التأمين | N7: 0 | P7: تعويض شركات التأمين | S7: 0 | U7: تعويض شركات التأمين | X7: =I7+D7+S7+N7 -> 0
A8: إيرادات مديونيات أعوام سابقة | D8: 0 | F8: إيرادات مديونيات أعوام سابقة | I8: 0 | K8: إيرادات مديونيات أعوام سابقة | N8: 0 | P8: إيرادات مديونيات أعوام سابقة | S8: 0 | U8: إيرادات مديونيات أعوام سابقة | X8: =I8+D8+S8+N8 -> 0
A9: اجمالي ايراد السيارة | D9: =SUM(D6:D8) -> 17884.626 | F9: اجمالي ايراد السيارة | I9: =SUM(I6:I8) -> 18981.896 | K9: اجمالي ايراد السيارة | N9: =SUM(N6:N8) -> 16481.574 | P9: اجمالي ايراد السيارة | S9: =SUM(S6:S8) -> 17033.035 | U9: اجمالي ايراد السيارة | X9: =I9+D9+S9+N9 -> 70381.13
A10: مصاريف نقل +اشتراكات أجهزة التتبع+بنزين +غسيل | D10: 201.39 | F10: مصاريف نقل +اشتراكات أجهزة التتبع+بنزين +غسيل | I10: 856.83 | K10: مصاريف نقل +اشتراكات أجهزة التتبع+بنزين +غسيل | N10: 46 | P10: مصاريف نقل +اشتراكات أجهزة التتبع+بنزين +غسيل | S10: 46 | U10: مصاريف نقل +اشتراكات أجهزة التتبع+بنزين +غسيل | X10: =I10+D10+S10+N10 -> 1150.22
A11: مصروف فحص دوري وكرت تشغيل | D11: 133 | F11: مصروف فحص دوري وكرت تشغيل | I11: 100 | K11: مصروف فحص دوري وكرت تشغيل | N11: 0 | P11: مصروف فحص دوري وكرت تشغيل | S11: 0 | U11: مصروف فحص دوري وكرت تشغيل | X11: =I11+D11+S11+N11 -> 233
A12: 2102 عمولات بنكية على المشتريات | D12: 0 | F12: 2102 عمولات بنكية على المشتريات | I12: 47.210002 | K12: 2102 عمولات بنكية على المشتريات | N12: 119.57 | P12: 2102 عمولات بنكية على المشتريات | S12: 59.542 | U12: 2102 عمولات بنكية على المشتريات | X12: =I12+D12+S12+N12 -> 226.322
A13: صيانة السيارات واصلاحات من حوادث | D13: 874.13 | F13: صيانة السيارات واصلاحات من حوادث | I13: 2616.82 | K13: صيانة السيارات واصلاحات من حوادث | N13: 25 | P13: صيانة السيارات واصلاحات من حوادث | S13: 30 | U13: صيانة السيارات واصلاحات من حوادث | X13: =I13+D13+S13+N13 -> 3545.95
A14: مصاريف تأمينات السيارات | D14: 875.91 | F14: مصاريف تأمينات السيارات | I14: 875.91 | K14: مصاريف تأمينات السيارات | N14: 875.91 | P14: مصاريف تأمينات السيارات | S14: 875.91 | U14: مصاريف تأمينات السيارات | X14: =I14+D14+S14+N14 -> 3503.64
A15: مصاريف غيار زيت | D15: 791.08 | F15: مصاريف غيار زيت | I15: 830.01 | K15: مصاريف غيار زيت | N15: 375 | P15: مصاريف غيار زيت | S15: 750 | U15: مصاريف غيار زيت | X15: =I15+D15+S15+N15 -> 2746.09
A16: مصروفات حكومية | D16: 300 | F16: مصروفات حكومية | I16: 300 | K16: مصروفات حكومية | N16: 0 | P16: مصروفات حكومية | S16: 0 | U16: مصروفات حكومية | X16: =I16+D16+S16+N16 -> 600
A17: اجمـالى مصروفات التشغيل | D17: =SUM(D10:D16) -> 3175.51 | F17: اجمـالى مصروفات التشغيل | I17: =SUM(I10:I16) -> 5626.78 | K17: اجمـالى مصروفات التشغيل | N17: =SUM(N10:N16) -> 1441.48 | P17: اجمـالى مصروفات التشغيل | S17: =SUM(S10:S16) -> 1761.452 | U17: اجمـالى مصروفات التشغيل | X17: =I17+D17+S17+N17 -> 12005.222
A18: صافي الربح/الخسارة | D18: =D9-D17 -> 14709.116 | F18: صافي الربح/الخسارة | I18: =I9-I17 -> 13355.116 | K18: صافي الربح/الخسارة | N18: =N9-N17 -> 15040.094 | P18: صافي الربح/الخسارة | S18: =S9-S17 -> 15271.583 | U18: صافي الربح/الخسارة | X18: =I18+D18+S18+N18 -> 58375.908
A19: نسبة التشغيل من الإيرادات (30%) | D19: =D18*0.3 -> 4412.7348 | F19: نسبة التشغيل من الإيرادات (30%) | I19: =I18*0.3 -> 4006.5347 | K19: نسبة التشغيل من الإيرادات (30%) | N19: =N18*0.3 -> 4512.0282 | P19: نسبة التشغيل من الإيرادات (30%) | S19: =S18*0.3 -> 4581.4748 | U19: نسبة التشغيل من الإيرادات (30%) | X19: =I19+D19+S19+N19 -> 17512.773
A20: نسبة الربح من الإيرادات (70%) | D20: =D18-D19 -> 10296.381 | F20: نسبة الربح من الإيرادات (70%) | I20: =I18-I19 -> 9348.581 | K20: نسبة الربح من الإيرادات (70%) | N20: =N18-N19 -> 10528.066 | P20: نسبة الربح من الإيرادات (70%) | S20: =S18-S19 -> 10690.108 | U20: نسبة الربح من الإيرادات (70%) | X20: =I20+D20+S20+N20 -> 40863.136
A21: ما تم سحبه من قبل المستمر | D21: 0 | F21: ما تم سحبه من قبل المستمر | I21: 0 | K21: ما تم سحبه من قبل المستمر | N21: 0 | P21: ما تم سحبه من قبل المستمر | S21: 0 | U21: ما تم سحبه من قبل المستمر | X21: =I21+D21+S21+N21 -> 0
A22: المتبقي | D22: =D20-D21 -> 10296.381 | F22: المتبقي | I22: =I20-I21 -> 9348.581 | K22: المتبقي | N22: =N20-N21 -> 10528.066 | P22: المتبقي | S22: =S20-S21 -> 10690.108 | U22: المتبقي | X22: =I22+D22+S22+N22 -> 40863.136
A23: رصيد سنوات سابقة | B23: رصيد سنوات سابقة | D23: 0 | F23: رصيد سنوات سابقة | G23: رصيد سنوات سابقة | I23: 0 | K23: رصيد سنوات سابقة | L23: رصيد سنوات سابقة | N23: 0 | P23: رصيد سنوات سابقة | Q23: رصيد سنوات سابقة | S23: 0 | U23: رصيد سنوات سابقة | V23: رصيد سنوات سابقة | X23: =I23+D23+S23+N23 -> 0
A24: اجمالى الرصيد | B24: اجمالى الرصيد | D24: =D22+D23 -> 10296.381 | F24: اجمالى الرصيد | G24: اجمالى الرصيد | I24: =I22+I23 -> 9348.581 | K24: اجمالى الرصيد | L24: اجمالى الرصيد | N24: =N22+N23 -> 10528.066 | P24: اجمالى الرصيد | Q24: اجمالى الرصيد | S24: =S22+S23 -> 10690.108 | U24: اجمالى الرصيد | V24: اجمالى الرصيد | X24: =I24+D24+S24+N24 -> 40863.136
A25: مديونية السيارة | F25: مديونية السيارة
A26: الاسم | B26: تاريخ المطالبه | C26: رقم المطالبه | D26: المبلغ | F26: الاسم | G26: تاريخ المطالبة | H26: حالة المطالبة | I26: المبلغ
A27: احمد يوسف عمران القعيمري الرشيدي | B27: 2022 | C27: المتابعة مع الشئون القانونية | D27: 1200 | F27: محمد وليد احمد الزيني | G27: 2022 | H27: المتابعه مع الشئون القانونية | I27: 436.9
A28: محمد علي توفيق حجازي | B28: 45177 | C28: 401014501608164 | D28: 3022
A29: تركي فليح العنزي | B29: 45222 | C29: 401014501696737 | D29: 1415.36
A30: الإجمالي | D30: =D27+D28+D29 -> 5637.36
C33: =B33+B40 -> 0

Sheet احمد الشاماني
A1: تقرير المستثمر : احمد الشاماني ( 31-12-2024 )
A2: نوع السيارة | C2: بيجاس 2023
A3: رقم اللوحة | C3: ر د ن 1016
A5: الحساب | D5: المبلغ
A6: ايراد تشغيل والإصلاحات | D6: 19061.043
A7: تعويض شركات التأمين | D7: 0
A8: إيرادات مديونيات أعوام سابقة | D8: 0
A9: اجمالي ايراد السيارة | D9: =SUM(D6:D8) -> 19061.043
A10: مصاريف نقل +اشتراكات أجهزة التتبع+بنزين +غسيل | D10: 258.79
A11: مصروف فحص دوري وكرت تشغيل | D11: 0
A12: عمولات بنكية على المشتريات | D12: 96.085181
A13: صيانة السيارات واصلاحات من حوادث | D13: 1453.482
A14: مصاريف تأمينات السيارات | D14: 875.91
A15: مصاريف غيار زيت | D15: 403.04
A16: مصروفات حكومية | D16: 0
A17: اجمـالى مصروفات التشغيل | D17: =SUM(D10:D16) -> 3087.3072
A18: صافي الربح/الخسارة | D18: =D9-D17 -> 15973.736
A19: نسبة التشغيل من الإيرادات (30%) | D19: =D18*0.3 -> 4792.1209
A20: نسبة الربح من الإيرادات (70%) | D20: =D18-D19 -> 11181.615
A21: ما تم سحبه من قبل المستمر | D21: 0
A22: المتبقي | D22: =D20-D21 -> 11181.615
A23: رصيد سنوات سابقة | B23: رصيد سنوات سابقة | D23: 0
A24: اجمالى الرصيد | B24: اجمالى الرصيد | D24: =D22+D23 -> 11181.615
A25: مديونية السيارة
A26: الاسم | B26: تاريخ المطالبه | C26: رقم المطالبة | D26: مبلغ المديونية
A27: لينا عدنان يوسف ابوسلامه | B27: 45668 | C27: 401014602774421 | D27: 4976.66

Sheet غازي ناير الجهني
A1: تقرير المستثمر : غازي ناير الجهني ( 31-12-2024 )
A2: نوع السيارة | C2: بيجاس 2023
A3: رقم اللوحة | C3: ر ر س 6029
A5: الحساب | D5: المبلغ
A6: ايراد تشغيل والإصلاحات | D6: 22717.391
A7: تعويض شركات التأمين | D7: 0
A8: إيرادات مديونيات أعوام سابقة | D8: 0
A9: اجمالي ايراد السيارة | D9: =SUM(D6:D8) -> 22717.391
A10: مصاريف نقل +اشتراكات أجهزة التتبع+بنزين +غسيل | D10: 184
A11: مصروف فحص دوري وكرت تشغيل | D11: 0
A12: 2102 عمولات بنكية على المشتريات | D12: 115.14921
A13: صيانة السيارات واصلاحات من حوادث | D13: 0
A14: مصاريف تأمينات السيارات | D14: 875.914
A15: مصاريف غيار زيت | D15: 526.32
A16: مصروفات حكومية | D16: 0
A17: اجمـالى مصروفات التشغيل | D17: =SUM(D10:D16) -> 1701.3832
A18: صافي الربح/الخسارة | D18: =D9-D17 -> 21016.008
A19: نسبة التشغيل من الإيرادات (30%) | D19: =D18*0.3 -> 6304.8024
A20: نسبة الربح من الإيرادات (70%) | D20: =D18-D19 -> 14711.206
A21: ما تم سحبه من قبل المستمر | D21: 0
A22: المتبقي | D22: =D20-D21 -> 14711.206
A23: رصيد سنوات سابقة +فرق مبلغ شراء السيارة 1600 ريال | B23: رصيد سنوات سابقة | D23: =9551+1600 -> 11151
A24: اجمالى الرصيد | B24: اجمالى الرصيد | D24: =D22+D23 -> 25862.206

Sheet رائد الحسيني
A1: تقرير المستثمر : رائد الحسيني ( 31-12-2024 )
A2: نوع السيارة | C2: يارس أبيض 2021
A3: رقم اللوحة | C3: 2070 DHU
A5: الحساب | D5: المبلغ
A6: ايراد تشغيل والإصلاحات | D6: 0
A7: تعويض شركات التأمين | D7: 35343
A8: إيرادات مديونيات أعوام سابقة | D8: 0
A9: اجمالي ايراد السيارة | D9: =SUM(D6:D8) -> 35343
A10: مصاريف نقل +اشتراكات أجهزة التتبع+بنزين +غسيل
A11: مصروف فحص دوري وكرت تشغيل
A12: 2102 عمولات بنكية على المشتريات
A13: صيانة السيارات واصلاحات من حوادث
A14: مصاريف تأمينات السيارات
A15: مصاريف غيار زيت
A16: مصروفات حكومية
A17: اجمـالى مصروفات التشغيل | D17: =SUM(D10:D16) -> 0
A18: صافي الربح/الخسارة | D18: =D9-D17 -> 35343
A19: نسبة التشغيل من الإيرادات (30%) | D19: 0
A20: نسبة الربح من الإيرادات (70%) | D20: =D18-D19 -> 35343
A21: ما تم سحبه من قبل المستمر | D21: 35343
A22: المتبقي | D22: =D20-D21 -> 0
A23: رصيد سنوات سابقة | B23: رصيد سنوات سابقة | D23: 0
A24: اجمالى الرصيد | B24: اجمالى الرصيد | D24: =D22+D23 -> 0
A25: مديونية السيارة
A26: الاسم | B26: تاريخ المطالبة | C26: رقم المطالبه | D26: المبلغ
A27: محمد مشعل عويد المهلكي المطيري | B27: المتابعه مه الشئون القانونية | C27: 401014400876063 | D27: 1500
A28: هشام عبدالله احمد ابو حمود | B28: 44786 | C28: 401014400885417 | D28: 3071.5
A29: الإجمالي | D29: =SUM(D27:D28) -> 4571.5
A30: تاريخ الحادث يوم 2022/12/3
A31: تاريخ التالف 2023/1/9 تم وصول المبلغ من شركة التأمين
A32: مبلغ مطالبة شركة تامين الراجحي = 35344

Sheet مرام الصاعدي
A1: تقرير المستثمر : مرام الصاعدي ( 31-12-2024 )
A2: نوع السيارة | C2: بيجاس2022
A3: رقم اللوحة | C3: د ي ر 9713
A5: الحساب | D5: المبلغ
A6: ايراد تشغيل والإصلاحات | D6: 19305.757
A7: تعويض شركات التأمين | D7: 0
A8: إيرادات مديونيات أعوام سابقة | D8: 0
A9: اجمالي ايراد السيارة | D9: =SUM(D6:D8) -> 19305.757
A10: مصاريف نقل +اشتراكات أجهزة التتبع+بنزين +غسيل | D10: 184
A11: مصروف فحص دوري وكرت تشغيل | D11: 0
A12: 2102 عمولات بنكية على المشتريات | D12: 58.090151
A13: صيانة السيارات واصلاحات من حوادث | D13: 839.13
A14: مصاريف تأمينات السيارات | D14: 875.91
A15: مصاريف غيار زيت | D15: 476.95
A16: مصروفات حكومية | D16: 0
A17: اجمـالى مصروفات التشغيل | D17: =SUM(D10:D16) -> 2434.0802
A18: صافي الربح/الخسارة | D18: =D9-D17 -> 16871.676
A19: نسبة التشغيل من الإيرادات (30%) | D19: =D18*0.3 -> 5061.5029
A20: نسبة الربح من الإيرادات (70%) | D20: =D18-D19 -> 11810.173
A21: ما تم سحبه من قبل المستمر | D21: 0
A22: المتبقي | D22: =D20-D21 -> 11810.173
A23: رصيد سنوات سابقة | B23: رصيد سنوات سابقة | D23: 10590
A24: اجمالى الرصيد | B24: اجمالى الرصيد | D24: =D22+D23 -> 22400.173

Sheet بدرية الصاعدي
A1: تقرير المستثمر : بدرية الصاعدي ( 31-12-2024 )
A2: نوع السيارة | C2: بيجاس2022
A3: رقم اللوحة | C3: د ي ر 9712
A5: الحساب | D5: المبلغ
A6: ايراد تشغيل والإصلاحات | D6: 25326.522
A7: تعويض شركات التأمين | D7: 0
A8: إيرادات مديونيات أعوام سابقة | D8: 0
A9: اجمالي ايراد السيارة | D9: =SUM(D6:D8) -> 25326.522
A10: مصاريف نقل +اشتراكات أجهزة التتبع+بنزين +غسيل | D10: 279.65
A11: مصروف فحص دوري وكرت تشغيل | D11: 0
A12: 2102 عمولات بنكية على المشتريات | D12: 76.430001
A13: صيانة السيارات واصلاحات من حوادث | D13: 1442.11
A14: مصاريف تأمينات السيارات | D14: 875.91
A15: مصاريف غيار زيت | D15: 671.09
A16: مصروفات حكومية | D16: 225
A17: اجمـالى مصروفات التشغيل | D17: =SUM(D10:D16) -> 3570.19
A18: صافي الربح/الخسارة | D18: =D9-D17 -> 21756.332
A19: نسبة التشغيل من الإيرادات (30%) | D19: =D18*0.3 -> 6526.8995
A20: نسبة الربح من الإيرادات (70%) | D20: =D18-D19 -> 15229.432
A21: ما تم سحبه من قبل المستمر
A22: المتبقي | D22: =D20-D21 -> 15229.432
A23: رصيد سنوات سابقة | B23: رصيد سنوات سابقة | D23: 30811
A24: اجمالى الرصيد | B24: اجمالى الرصيد | D24: =D22+D23 -> 46040.432

Sheet روان مسعد
A1: تقرير المستثمر : روان مسعد ( 31-12-2024 )
A2: نوع السيارة | C2: بيجاس2022
A3: رقم اللوحة | C3: د ي ر 9711
A5: الحساب | D5: المبلغ
A6: ايراد تشغيل والإصلاحات | D6: 16670.235
A7: تعويض شركات التأمين | D7: 0
A8: إيرادات مديونيات أعوام سابقة | D8: 0
A9: اجمالي ايراد السيارة | D9: =SUM(D6:D8) -> 16670.235
A10: مصاريف نقل +اشتراكات أجهزة التتبع+بنزين +غسيل | D10: 184
A11: مصروف فحص دوري وكرت تشغيل | D11: 0
A12: 2102 عمولات بنكية على المشتريات | D12: 180.21998
A13: صيانة السيارات واصلاحات من حوادث | D13: 583.44
A14: مصاريف تأمينات السيارات | D14: 875.91
A15: مصاريف غيار زيت | D15: 386.08
A16: مصروفات حكومية | D16: 0
A17: اجمـالى مصروفات التشغيل | D17: =SUM(D10:D16) -> 2209.65
A18: صافي الربح/الخسارة | D18: =D9-D17 -> 14460.585
A19: نسبة التشغيل من الإيرادات (30%) | D19: =D18*0.3 -> 4338.1754
A20: نسبة الربح من الإيرادات (70%) | D20: =D18-D19 -> 10122.409
A21: ما تم سحبه من قبل المستمر
A22: المتبقي | D22: =D20-D21 -> 10122.409
A23: رصيد سنوات سابقة | B23: رصيد سنوات سابقة | D23: 24302.125
A24: اجمالى الرصيد | B24: اجمالى الرصيد | D24: =SUM(D22:D23) -> 34424.534
A25: مديونية السيارة
A26: الاسم | B26: تاريخ المطالبة | C26: رقم المطالبه | D26: المبلغ
A27: فيصل مرزوق منور الردادي | B27: 45221 | C27: 401014400996346 | D27: 13172.24

Sheet اميره +نسرين الصاعدي
A1: تقرير المستثمر : اميره +نسرين الصاعدي ( 31-12-2024 )
A2: نوع السيارة | C2: بيجاس2022
A3: رقم اللوحة | C3: د ي ر 9710
A5: الحساب | D5: المبلغ
A6: ايراد تشغيل والإصلاحات | D6: 28898.07
A7: تعويض شركات التأمين | D7: 0
A8: إيرادات مديونيات أعوام سابقة | D8: 0
A9: اجمالي ايراد السيارة | D9: =SUM(D6:D8) -> 28898.07
A10: مصاريف نقل +اشتراكات أجهزة التتبع+بنزين +غسيل | D10: 184
A11: مصروف فحص دوري وكرت تشغيل | D11: 0
A12: 2102 عمولات بنكية على المشتريات | D12: 151.59203
A13: صيانة السيارات واصلاحات من حوادث | D13: 1494.5
A14: مصاريف تأمينات السيارات | D14: 875.91
A15: مصاريف غيار زيت | D15: 526.32
A16: مصروفات حكومية | D16: 0
A17: اجمـالى مصروفات التشغيل | D17: =SUM(D10:D16) -> 3232.322
A18: صافي الربح/الخسارة | D18: =D9-D17 -> 25665.748
A19: نسبة التشغيل من الإيرادات (30%) | D19: =D18*0.3 -> 7699.7243
A20: نسبة الربح من الإيرادات (70%) | D20: =D18-D19 -> 17966.023
A21: ما تم سحبه من قبل المستمر | D21: 0
A22: المتبقي | D22: =D20-D21 -> 17966.023
A23: رصيد سنوات سابقة | B23: رصيد سنوات سابقة | D23: 27322.382
A24: اجمالى الرصيد | B24: اجمالى الرصيد | D24: =SUM(D22:D23) -> 45288.405

Sheet نوال حمدان
A1: تقرير المستثمر : نوال حمدان ( 31-12-2024 ) | F1: تقرير المستثمر : نوال حمدان ( 31-12-2024 ) | K1: تقرير المستثمر : نوال حمدان ( 31-12-2024 )
A2: نوع السيارة | C2: بيجاس2022 | F2: نوع السيارة | H2: بيجاس2023 | K2: نوع السيارة
A3: رقم اللوحة | C3: د ي ر9573 | F3: رقم اللوحة | H3: ر ر س 5466 | K3: رقم اللوحة | M3: =H3&"-"&C3 -> ر ر س 5466 -د ي ر9573
A5: الحساب | D5: المبلغ | F5: الحساب | I5: المبلغ | K5: الحساب | N5: المبلغ
A6: ايراد تشغيل والإصلاحات | D6: 19764.348 | F6: ايراد تشغيل والإصلاحات | I6: 19219.713 | K6: ايراد تشغيل | N6: =D6+I6 -> 38984.061
A7: تعويض شركات التأمين | D7: 0 | F7: تعويض شركات التأمين | I7: 0 | K7: تعويض شركات التأمين | N7: =D7+I7 -> 0
A8: إيرادات مديونيات أعوام سابقة | D8: 0 | F8: إيرادات مديونيات أعوام سابقة | I8: 0 | K8: إيرادات مديونيات أعوام سابقة | N8: =D8+I8 -> 0
A9: اجمالي ايراد السيارة | D9: =SUM(D6:D8) -> 19764.348 | F9: اجمالي ايراد السيارة | I9: =SUM(I6:I8) -> 19219.713 | K9: اجمالي ايراد السيارة | N9: =D9+I9 -> 38984.061
A10: مصاريف نقل +اشتراكات أجهزة التتبع+بنزين +غسيل | D10: 901.39 | F10: مصاريف نقل +اشتراكات أجهزة التتبع+بنزين +غسيل | I10: 204 | K10: مصاريف نقل +اشتراكات أجهزة التتبع+بنزين +غسيل | N10: =D10+I10 -> 1105.39
A11: مصروف فحص دوري وكرت تشغيل | D11: 0 | F11: مصروف فحص دوري وكرت تشغيل | I11: 0 | K11: مصروف فحص دوري وكرت تشغيل | N11: =D11+I11 -> 0
A12: 2102 عمولات بنكية على المشتريات | D12: 83.666052 | F12: 2102 عمولات بنكية على المشتريات | I12: 172.9994 | K12: 2102 عمولات بنكية على المشتريات | N12: =D12+I12 -> 256.66545
A13: صيانة السيارات واصلاحات من حوادث | D13: 2778.7 | F13: صيانة السيارات واصلاحات من حوادث | I13: 695.64 | K13: اصلاحات من حوادث | N13: =D13+I13 -> 3474.34
A14: مصاريف تأمينات السيارات | D14: 0 | F14: مصاريف تأمينات السيارات | I14: 875.914 | K14: مصاريف تأمينات السيارات | N14: =D14+I14 -> 875.914
A15: مصاريف غيار زيت | D15: 657.39 | F15: مصاريف غيار زيت | I15: 785.21 | K15: مصاريف غيار زيت | N15: =D15+I15 -> 1442.6
A16: مصروفات حكومية | D16: 300 | F16: مصروفات حكومية | I16: 0 | K16: مصروفات حكومية | N16: =D16+I16 -> 300
A17: اجمـالى مصروفات التشغيل | D17: =SUM(D10:D16) -> 4721.1461 | F17: اجمـالى مصروفات التشغيل | I17: =SUM(I10:I16) -> 2733.7634 | K17: اجمـالى مصروفات التشغيل | N17: =D17+I17 -> 7454.9095
A18: صافي الربح/الخسارة | D18: =D9-D17 -> 15043.202 | F18: صافي الربح/الخسارة | I18: =I9-I17 -> 16485.95 | K18: صافي الربح/الخسارة | N18: =D18+I18 -> 31529.151
A19: نسبة التشغيل من الإيرادات (30%) | D19: =D18*0.3 -> 4512.9605 | F19: نسبة التشغيل من الإيرادات (30%) | I19: =I18*0.3 -> 4945.7849 | K19: نسبة التشغيل من الإيرادات (30%) | N19: =D19+I19 -> 9458.7454
A20: نسبة الربح من الإيرادات (70%) | D20: =D18-D19 -> 10530.241 | F20: نسبة الربح من الإيرادات (70%) | I20: =I18-I19 -> 11540.165 | K20: نسبة الربح من الإيرادات (70%) | N20: =D20+I20 -> 22070.406
A21: ما تم سحبه من قبل المستمر | D21: 0 | F21: ما تم سحبه من قبل المستمر | I21: 0 | K21: ما تم سحبه من قبل المستمر | N21: =D21+I21 -> 0
A22: المتبقي | D22: =D20-D21 -> 10530.241 | F22: المتبقي | I22: =I20-I21 -> 11540.165 | K22: المتبقي | N22: =D22+I22 -> 22070.406
A23: رصيد سنوات سابقة | B23: رصيد سنوات سابقة | D23: 29436 | F23: رصيد سنوات سابقة | G23: رصيد سنوات سابقة | I23: 10131 | K23: رصيد سنوات سابقة | L23: رصيد سنوات سابقة | N23: =D23+I23 -> 39567
A24: اجمالى الرصيد | B24: اجمالى الرصيد | D24: =SUM(D22:D23) -> 39966.241 | F24: اجمالى الرصيد | G24: اجمالى الرصيد | I24: =SUM(I22:I23) -> 21671.165 | K24: اجمالى الرصيد | L24: اجمالى الرصيد | N24: =D24+I24 -> 61637.406
A25: مديونية السيارة
A26: الاسم | B26: تاريخ المطالبة | C26: حالة المطالبة | D26: المبلغ
A27: احمد محمد حسن الحمدي | B27: 2022 | C27: المتابعه مع الشئون القانونية | D27: 9360
A28: نظيم الدين | B28: 2023 | C28: 401014501792787 | D28: 2819
A29: الإجمالي | D29: =SUM(D27:D28) -> 12179

Sheet  وليد نافع العوفي
A1: تقرير المستثمر : وليد نافع العوفي ( 31-12-2024 ) | F1: تقرير المستثمر : وليد نافع العوفي ( 31-12-2024 ) | K1: تقرير المستثمر : وليد نافع العوفي ( 31-12-2024 ) | P1: تقرير المستثمر : وليد نافع العوفي ( 31-12-2024 ) | U1: تقرير المستثمر : وليد نافع العوفي ( 31-12-2024 ) | Z1: تقرير المستثمر : وليد نافع العوفي ( 31-12-2024 ) | AE1: تقرير المستثمر : وليد نافع العوفي ( 31-12-2024 ) | AJ1: تقرير المستثمر : وليد نافع العوفي ( 31-12-2024 ) | AO1: تقرير المستثمر : وليد نافع العوفي ( 31-12-2024 ) | AT1: تقرير المستثمر : وليد نافع العوفي ( 31-12-2024 ) | AY1: تقرير المستثمر : وليد نافع العوفي ( 31-12-2024 ) | BD1: تقرير المستثمر : وليد نافع العوفي ( 31-12-2024 ) | BI1: تقرير المستثمر : وليد نافع العوفي ( 31-12-2024 )
A2: نوع السيارة | C2: بيجاس2022 | F2: نوع السيارة | H2: اتراج2022 | I2: اتراج | K2: نوع السيارة | M2: يارس2023 | N2: يارس | P2: نوع السيارة | R2: بيجاس2023 | S2: بيجاس | U2: نوع السيارة | W2: صني 2020 | Z2: نوع السيارة | AB2: Hyundai I 10 -2024 | AE2: نوع السيارة | AG2: سزوكي دزير -2024 | AJ2: نوع السيارة | AL2: يارس - 2024 | AO2: نوع السيارة | AQ2: اكسنت - 2024 | AT2: نوع السيارة | AV2: اكسنت - 2024 | AY2: نوع السيارة | BA2: اكسنت - 2024 | BD2: نوع السيارة | BF2: بيجاس - 2024 | BI2: عدد السيارات | BK2: 12
A3: رقم اللوحة | C3: د ي ر9572 | F3: رقم اللوحة | H3: ر ا ل 7852 | I3: ر ا ل 7852 | K3: رقم اللوحة | M3: ر ر س 6223 | N3: ر ر س 6223 | P3: رقم اللوحة | R3: ر ر س 5467 | S3: ر ر س 5467 | U3: رقم اللوحة | W3: 3108 د م أ | Z3: رقم اللوحة | AB3: ر ك س 3488 | AE3: رقم اللوحة | AG3: ر ق ه 6752 | AJ3: رقم اللوحة | AL3: ر ق و 3940 | AO3: رقم اللوحة | AQ3: ر ق ط 3032 | AT3: رقم اللوحة | AV3: ر ق ط 3045 | AY3: رقم اللوحة | BA3: ر ق ط 3024 | BD3: رقم اللوحة | BF3: ر ع ي 2938 | BI3: رقم اللوحة
A5: الحساب | D5: المبلغ | F5: الحساب | I5: المبلغ | K5: الحساب | N5: المبلغ | P5: الحساب | S5: المبلغ | U5: الحساب | X5: المبلغ | Z5: الحساب | AC5: المبلغ | AE5: الحساب | AH5: المبلغ | AJ5: الحساب | AM5: المبلغ | AO5: الحساب | AR5: المبلغ | AT5: الحساب | AW5: المبلغ | AY5: الحساب | BB5: المبلغ | BD5: الحساب | BG5: المبلغ | BI5: الحساب | BL5: المبلغ
A6: ايراد تشغيل والإصلاحات | D6: 20810.435 | F6: ايراد تشغيل والإصلاحات | I6: 16927.826 | K6: ايراد تشغيل والإصلاحات | N6: 23644.348 | P6: ايراد تشغيل والإصلاحات | S6: 19669.878 | U6: ايراد تشغيل والإصلاحات | X6: =21071.0869565217-4043 -> 17028.087 | Z6: ايراد تشغيل والإصلاحات | AC6: 15356.522 | AE6: ايراد تشغيل والإصلاحات | AH6: 15900 | AJ6: ايراد تشغيل والإصلاحات | AM6: 21756.522 | AO6: ايراد تشغيل والإصلاحات | AR6: 16031.922 | AT6: ايراد تشغيل والإصلاحات | AW6: 9012.1739 | AY6: ايراد تشغيل والإصلاحات | BB6: 0 | BD6: ايراد تشغيل والإصلاحات | BG6: 20842.939 | BI6: ايراد تشغيل والإصلاحات | BL6: =X6+S6+N6+I6+D6+BG6+BB6+AW6+AR6+AM6+AH6+AC6 -> 196980.65
A7: تعويض شركات التأمين | D7: 0 | F7: تعويض شركات التأمين | I7: 12110.65 | K7: تعويض شركات التأمين | N7: 14646.31 | P7: تعويض شركات التأمين | S7: 2527.5 | U7: تعويض شركات التأمين | X7: 0 | Z7: تعويض شركات التأمين | AC7: 0 | AE7: تعويض شركات التأمين | AH7: 0 | AJ7: تعويض شركات التأمين | AM7: 0 | AO7: تعويض شركات التأمين | AR7: 0 | AT7: تعويض شركات التأمين | AW7: 0 | AY7: تعويض شركات التأمين | BB7: 0 | BD7: تعويض شركات التأمين | BG7: 0 | BI7: تعويض شركات التأمين | BL7: =X7+S7+N7+I7+D7+BG7+BB7+AW7+AR7+AM7+AH7+AC7 -> 29284.46
A8: إيرادات مديونيات أعوام سابقة | D8: 0 | F8: إيرادات مديونيات أعوام سابقة | I8: 0 | K8: إيرادات مديونيات أعوام سابقة | N8: 0 | P8: إيرادات مديونيات أعوام سابقة | S8: 0 | U8: إيرادات مديونيات أعوام سابقة | X8: 4043 | Z8: إيرادات مديونيات أعوام سابقة | AC8: 0 | AE8: إيرادات مديونيات أعوام سابقة | AH8: 0 | AJ8: إيرادات مديونيات أعوام سابقة | AM8: 0 | AO8: إيرادات مديونيات أعوام سابقة | AR8: 0 | AT8: إيرادات مديونيات أعوام سابقة | AW8: 0 | AY8: إيرادات مديونيات أعوام سابقة | BB8: 0 | BD8: إيرادات مديونيات أعوام سابقة | BG8: 0 | BI8: إيرادات مديونيات أعوام سابقة | BL8: =X8+S8+N8+I8+D8+BG8+BB8+AW8+AR8+AM8+AH8+AC8 -> 4043
A9: اجمالي ايراد السيارة | D9: =SUM(D6:D8) -> 20810.435 | F9: اجمالي ايراد السيارة | I9: =SUM(I6:I8) -> 29038.476 | K9: اجمالي ايراد السيارة | N9: =SUM(N6:N8) -> 38290.658 | P9: اجمالي ايراد السيارة | S9: =SUM(S6:S8) -> 22197.378 | U9: اجمالي ايراد السيارة | X9: =SUM(X6:X8) -> 21071.087 | Z9: اجمالي ايراد السيارة | AC9: =SUM(AC6:AC8) -> 15356.522 | AE9: اجمالي ايراد السيارة | AH9: =SUM(AH6:AH8) -> 15900 | AJ9: اجمالي ايراد السيارة | AM9: =SUM(AM6:AM8) -> 21756.522 | AO9: اجمالي ايراد السيارة | AR9: =SUM(AR6:AR8) -> 16031.922 | AT9: اجمالي ايراد السيارة | AW9: =SUM(AW6:AW8) -> 9012.1739 | AY9: اجمالي ايراد السيارة | BB9: =SUM(BB6:BB8) -> 0 | BD9: اجمالي ايراد السيارة | BG9: =SUM(BG6:BG8) -> 20842.939 | BI9: اجمالي ايراد السيارة | BL9: =X9+S9+N9+I9+D9+BG9+BB9+AW9+AR9+AM9+AH9+AC9 -> 230308.11
A10: مصاريف نقل +اشتراكات أجهزة التتبع+بنزين +غسيل | D10: 184 | F10: مصاريف نقل +اشتراكات أجهزة التتبع+بنزين +غسيل | I10: 241.39 | K10: مصاريف نقل +اشتراكات أجهزة التتبع+بنزين +غسيل | N10: 224 | P10: مصاريف نقل +اشتراكات أجهزة التتبع+بنزين +غسيل | S10: 673.42 | U10: مصاريف نقل +اشتراكات أجهزة التتبع+بنزين +غسيل | X10: 208.35 | Z10: مصاريف نقل +اشتراكات أجهزة التتبع+بنزين +غسيل | AC10: 153 | AE10: مصاريف نقل +اشتراكات أجهزة التتبع+بنزين +غسيل | AH10: 66 | AJ10: مصاريف نقل +اشتراكات أجهزة التتبع+بنزين +غسيل | AM10: 46 | AO10: مصاريف نقل +اشتراكات أجهزة التتبع+بنزين +غسيل | AR10: 63.39 | AT10: مصاريف نقل +اشتراكات أجهزة التتبع+بنزين +غسيل | AW10: 46 | AY10: مصاريف نقل +اشتراكات أجهزة التتبع+بنزين +غسيل | BB10: 46 | BD10: مصاريف نقل +اشتراكات أجهزة التتبع+بنزين +غسيل | BG10: 184 | BI10: مصاريف نقل +اشتراكات أجهزة التتبع+بنزين +غسيل | BL10: =X10+S10+N10+I10+D10+BG10+BB10+AW10+AR10+AM10+AH10+AC10 -> 2135.55
A11: مصروف فحص دوري وكرت تشغيل | D11: 0 | F11: مصروف فحص دوري وكرت تشغيل | I11: 0 | K11: مصروف فحص دوري وكرت تشغيل | N11: 0 | P11: مصروف فحص دوري وكرت تشغيل | S11: 0 | U11: مصروف فحص دوري وكرت تشغيل | X11: 100 | Z11: مصروف فحص دوري وكرت تشغيل | AC11: 0 | AE11: مصروف فحص دوري وكرت تشغيل | AH11: 0 | AJ11: مصروف فحص دوري وكرت تشغيل | AM11: 0 | AO11: مصروف فحص دوري وكرت تشغيل | AR11: 0 | AT11: مصروف فحص دوري وكرت تشغيل | AW11: 0 | AY11: مصروف فحص دوري وكرت تشغيل | BB11: 0 | BD11: مصروف فحص دوري وكرت تشغيل | BG11: 0 | BI11: مصروف فحص دوري وكرت تشغيل | BL11: =X11+S11+N11+I11+D11+BG11+BB11+AW11+AR11+AM11+AH11+AC11 -> 100
A12: 2102 عمولات بنكية على المشتريات | D12: 138.97757 | F12: 2102 عمولات بنكية على المشتريات | I12: 60.893973 | K12: 2102 عمولات بنكية على المشتريات | N12: 106.29082 | P12: 2102 عمولات بنكية على المشتريات | S12: 60.510006 | U12: 2102 عمولات بنكية على المشتريات | X12: 161.98008 | Z12: 2102 عمولات بنكية على المشتريات | AC12: 72.582006 | AE12: 2102 عمولات بنكية على المشتريات | AH12: 139.78408 | AJ12: 2102 عمولات بنكية على المشتريات | AM12: 59.984001 | AO12: 2102 عمولات بنكية على المشتريات | AR12: 117.39441 | AT12: 2102 عمولات بنكية على المشتريات | AW12: 14.4536 | AY12: 2102 عمولات بنكية على المشتريات | BB12: 0 | BD12: 2102 عمولات بنكية على المشتريات | BG12: 105.53 | BI12: 2102 عمولات بنكية على المشتريات | BL12: =X12+S12+N12+I12+D12+BG12+BB12+AW12+AR12+AM12+AH12+AC12 -> 1038.3805
A13: صيانة السيارات واصلاحات من حوادث | D13: 1302.72 | F13: صيانة السيارات واصلاحات من حوادث | I13: 870.87 | K13: صيانة السيارات واصلاحات من حوادث | N13: 1656 | P13: صيانة السيارات واصلاحات من حوادث | S13: 2457.701 | U13: صيانة السيارات واصلاحات من حوادث | X13: 5533.05 | Z13: صيانة السيارات واصلاحات من حوادث | AC13: 260.87 | AE13: صيانة السيارات واصلاحات من حوادث | AH13: 200 | AJ13: صيانة السيارات واصلاحات من حوادث | AM13: 0 | AO13: صيانة السيارات واصلاحات من حوادث | AR13: 260.87 | AT13: صيانة السيارات واصلاحات من حوادث | AW13: 0 | AY13: صيانة السيارات واصلاحات من حوادث | BB13: 0 | BD13: صيانة السيارات واصلاحات من حوادث | BG13: 0 | BI13: صيانة السيارات واصلاحات من حوادث | BL13: =X13+S13+N13+I13+D13+BG13+BB13+AW13+AR13+AM13+AH13+AC13 -> 12542.081
A14: مصاريف تأمينات السيارات | D14: 0 | F14: مصاريف تأمينات السيارات | I14: 0 | K14: مصاريف تأمينات السيارات | N14: 875.914 | P14: مصاريف تأمينات السيارات | S14: 875.914 | U14: مصاريف تأمينات السيارات | X14: 875.91 | Z14: مصاريف تأمينات السيارات | AC14: 875.91 | AE14: مصاريف تأمينات السيارات | AH14: 875.91 | AJ14: مصاريف تأمينات السيارات | AM14: 875.91 | AO14: مصاريف تأمينات السيارات | AR14: 875.91 | AT14: مصاريف تأمينات السيارات | AW14: 875.91 | AY14: مصاريف تأمينات السيارات | BB14: 875.91 | BD14: مصاريف تأمينات السيارات | BG14: 875.91 | BI14: مصاريف تأمينات السيارات | BL14: =X14+S14+N14+I14+D14+BG14+BB14+AW14+AR14+AM14+AH14+AC14 -> 8759.108
A15: مصاريف غيار زيت | D15: 589.14 | F15: مصاريف غيار زيت | I15: 656.08 | K15: مصاريف غيار زيت | N15: 538.04 | P15: مصاريف غيار زيت | S15: 371.09001 | U15: مصاريف غيار زيت | X15: 395.22 | Z15: مصاريف غيار زيت | AC15: 218.7 | AE15: مصاريف غيار زيت | AH15: 120 | AJ15: مصاريف غيار زيت | AM15: 229.79 | AO15: مصاريف غيار زيت | AR15: 120 | AT15: مصاريف غيار زيت | AW15: 270 | AY15: مصاريف غيار زيت | BB15: 508.04 | BD15: مصاريف غيار زيت | BG15: 240 | BI15: مصاريف غيار زيت | BL15: =X15+S15+N15+I15+D15+BG15+BB15+AW15+AR15+AM15+AH15+AC15 -> 4256.1
A16: مصروفات حكومية | D16: 375 | F16: مصروفات حكومية | I16: 450 | K16: مصروفات حكومية | N16: 0 | P16: مصروفات حكومية | S16: 150 | U16: مصروفات حكومية | X16: 75 | Z16: مصروفات حكومية | AC16: 0 | AE16: مصروفات حكومية | AH16: 0 | AJ16: مصروفات حكومية | AM16: 0 | AO16: مصروفات حكومية | AR16: 0 | AT16: مصروفات حكومية | AW16: 0 | AY16: مصروفات حكومية (مخالفات ) | BB16: 1014 | BD16: مصروفات حكومية | BG16: 0 | BI16: مصروفات حكومية | BL16: =X16+S16+N16+I16+D16+BG16+BB16+AW16+AR16+AM16+AH16+AC16 -> 2064
A17: اجمـالى مصروفات التشغيل | D17: =SUM(D10:D16) -> 2589.8376 | F17: اجمـالى مصروفات التشغيل | I17: =SUM(I10:I16) -> 2279.234 | K17: اجمـالى مصروفات التشغيل | N17: =SUM(N10:N16) -> 3400.2448 | P17: اجمـالى مصروفات التشغيل | S17: =SUM(S10:S16) -> 4588.635 | U17: اجمـالى مصروفات التشغيل | X17: =SUM(X10:X16) -> 7349.5101 | Z17: اجمـالى مصروفات التشغيل | AC17: =SUM(AC10:AC16) -> 1581.062 | AE17: اجمـالى مصروفات التشغيل | AH17: =SUM(AH10:AH16) -> 1401.6941 | AJ17: اجمـالى مصروفات التشغيل | AM17: =SUM(AM10:AM16) -> 1211.684 | AO17: اجمـالى مصروفات التشغيل | AR17: =SUM(AR10:AR16) -> 1437.5644 | AT17: اجمـالى مصروفات التشغيل | AW17: =SUM(AW10:AW16) -> 1206.3636 | AY17: اجمـالى مصروفات التشغيل | BB17: =SUM(BB10:BB16) -> 2443.95 | BD17: اجمـالى مصروفات التشغيل | BG17: =SUM(BG10:BG16) -> 1405.44 | BI17: اجمـالى مصروفات التشغيل | BL17: =X17+S17+N17+I17+D17+BG17+BB17+AW17+AR17+AM17+AH17+AC17 -> 30895.22
A18: صافي الربح/الخسارة | D18: =D9-D17 -> 18220.597 | F18: صافي الربح/الخسارة | I18: =I9-I17 -> 26759.242 | K18: صافي الربح/الخسارة | N18: =N9-N17 -> 34890.413 | P18: صافي الربح/الخسارة | S18: =S9-S17 -> 17608.743 | U18: صافي الربح/الخسارة | X18: =X9-X17 -> 13721.577 | Z18: صافي الربح/الخسارة | AC18: =AC9-AC17 -> 13775.46 | AE18: صافي الربح/الخسارة | AH18: =AH9-AH17 -> 14498.306 | AJ18: صافي الربح/الخسارة | AM18: =AM9-AM17 -> 20544.838 | AO18: صافي الربح/الخسارة | AR18: =AR9-AR17 -> 14594.357 | AT18: صافي الربح/الخسارة | AW18: =AW9-AW17 -> 7805.8103 | AY18: صافي الربح/الخسارة | BB18: =BB9-BB17 -> -2443.95 | BD18: صافي الربح/الخسارة | BG18: =BG9-BG17 -> 19437.499 | BI18: صافي الربح/الخسارة | BL18: =X18+S18+N18+I18+D18+BG18+BB18+AW18+AR18+AM18+AH18+AC18 -> 199412.89
A19: نسبة التشغيل من الإيرادات (30%) | D19: =D18*0.3 -> 5466.1792 | F19: نسبة التشغيل من الإيرادات (30%) | I19: =I18*0.3 -> 8027.7726 | K19: نسبة التشغيل من الإيرادات (30%) | N19: =N18*0.3 -> 10467.124 | P19: نسبة التشغيل من الإيرادات (30%) | S19: =S18*0.3 -> 5282.623 | U19: نسبة التشغيل من الإيرادات (30%) | X19: =X18*0.3 -> 4116.4731 | Z19: نسبة التشغيل من الإيرادات (30%) | AC19: =AC18*0.3 -> 4132.6379 | AE19: نسبة التشغيل من الإيرادات (30%) | AH19: =AH18*0.3 -> 4349.4918 | AJ19: نسبة التشغيل من الإيرادات (30%) | AM19: =AM18*0.3 -> 6163.4513 | AO19: نسبة التشغيل من الإيرادات (30%) | AR19: =AR18*0.3 -> 4378.3072 | AT19: نسبة التشغيل من الإيرادات (30%) | AW19: =AW18*0.3 -> 2341.7431 | BB19: 0 | BD19: نسبة التشغيل من الإيرادات (30%) | BG19: =BG18*0.3 -> 5831.2497 | BI19: نسبة التشغيل من الإيرادات (30%) | BL19: =X19+S19+N19+I19+D19+BG19+BB19+AW19+AR19+AM19+AH19+AC19 -> 60557.053
A20: نسبة الربح من الإيرادات (70%) | D20: =D18-D19 -> 12754.418 | F20: نسبة الربح من الإيرادات (70%) | I20: =I18-I19 -> 18731.469 | K20: نسبة الربح من الإيرادات (70%) | N20: =N18-N19 -> 24423.289 | P20: نسبة الربح من الإيرادات (70%) | S20: =S18-S19 -> 12326.12 | U20: نسبة الربح من الإيرادات (70%) | X20: =X18-X19 -> 9605.1038 | Z20: نسبة الربح من الإيرادات (70%) | AC20: =AC18-AC19 -> 9642.8218 | AE20: نسبة الربح من الإيرادات (70%) | AH20: =AH18-AH19 -> 10148.814 | AJ20: نسبة الربح من الإيرادات (70%) | AM20: =AM18-AM19 -> 14381.386 | AO20: نسبة الربح من الإيرادات (70%) | AR20: =AR18-AR19 -> 10216.05 | AT20: نسبة الربح من الإيرادات (70%) | AW20: =AW18-AW19 -> 5464.0672 | AY20: اجمالى المصروف ( استخدام شخصى ) | BB20: =BB18-BB19 -> -2443.95 | BD20: نسبة الربح من الإيرادات (70%) | BG20: =BG18-BG19 -> 13606.249 | BI20: نسبة الربح من الإيرادات (70%) | BL20: =X20+S20+N20+I20+D20+BG20+BB20+AW20+AR20+AM20+AH20+AC20 -> 138855.84
A21: ما تم سحبه من قبل المستمر | D21: 0 | F21: ما تم سحبه من قبل المستمر | I21: 0 | K21: ما تم سحبه من قبل المستمر | N21: 0 | P21: ما تم سحبه من قبل المستمر | S21: 0 | U21: ما تم سحبه من قبل المستمر | X21: 0 | Z21: ما تم سحبه من قبل المستمر | AC21: 0 | AE21: ما تم سحبه من قبل المستمر | AH21: 0 | AJ21: ما تم سحبه من قبل المستمر | AM21: 0 | AO21: ما تم سحبه من قبل المستمر | AR21: 0 | AT21: ما تم سحبه من قبل المستمر | AW21: 0 | AY21: ما تم سحبه من قبل المستمر | BB21: 0 | BD21: ما تم سحبه من قبل المستمر | BG21: 0 | BI21: ما تم سحبه من قبل المستمر | BL21: =X21+S21+N21+I21+D21+BG21+BB21+AW21+AR21+AM21+AH21+AC21 -> 0
A22: المتبقي | D22: =D20-D21 -> 12754.418 | F22: المتبقي | I22: =I20-I21 -> 18731.469 | K22: المتبقي | N22: =N20-N21 -> 24423.289 | P22: المتبقي | S22: =S20-S21 -> 12326.12 | U22: المتبقي | X22: =X20-X21 -> 9605.1038 | Z22: المتبقي | AC22: =AC20-AC21 -> 9642.8218 | AE22: المتبقي | AH22: =AH20-AH21 -> 10148.814 | AJ22: المتبقي | AM22: =AM20-AM21 -> 14381.386 | AO22: المتبقي | AR22: =AR20-AR21 -> 10216.05 | AT22: المتبقي | AW22: =AW20-AW21 -> 5464.0672 | AY22: المتبقي | BB22: =BB20-BB21 -> -2443.95 | BD22: المتبقي | BG22: =BG20-BG21 -> 13606.249 | BI22: المتبقي | BL22: =X22+S22+N22+I22+D22+BG22+BB22+AW22+AR22+AM22+AH22+AC22 -> 138855.84
A23: رصيد سنوات سابقة | B23: رصيد سنوات سابقة | D23: 7572 | F23: رصيد سنوات سابقة | G23: رصيد سنوات سابقة | I23: 11313 | K23: رصيد سنوات سابقة | L23: رصيد سنوات سابقة | N23: 9837 | P23: رصيد سنوات سابقة | Q23: رصيد سنوات سابقة | S23: 11238 | U23: رصيد سنوات سابقة | V23: رصيد سنوات سابقة | X23: 747 | Z23: رصيد سنوات سابقة | AA23: رصيد سنوات سابقة | AC23: 0 | AE23: رصيد سنوات سابقة | AF23: رصيد سنوات سابقة | AH23: 0 | AJ23: رصيد سنوات سابقة | AK23: رصيد سنوات سابقة | AM23: 0 | AO23: رصيد سنوات سابقة | AP23: رصيد سنوات سابقة | AR23: 0 | AT23: رصيد سنوات سابقة | AU23: رصيد سنوات سابقة | AW23: 0 | AY23: رصيد سنوات سابقة | AZ23: رصيد سنوات سابقة | BB23: 0 | BD23: رصيد سنوات سابقة | BE23: رصيد سنوات سابقة | BG23: 0 | BI23: رصيد سنوات سابقة | BJ23: رصيد سنوات سابقة | BL23: =X23+S23+N23+I23+D23+BG23+BB23+AW23+AR23+AM23+AH23+AC23 -> 40707
A24: اجمالى الرصيد | B24: اجمالى الرصيد | D24: =SUM(D22:D23) -> 20326.418 | F24: اجمالى الرصيد | G24: اجمالى الرصيد | I24: =SUM(I22:I23) -> 30044.469 | K24: اجمالى الرصيد | L24: اجمالى الرصيد | N24: =SUM(N22:N23) -> 34260.289 | P24: اجمالى الرصيد | Q24: اجمالى الرصيد | S24: =SUM(S22:S23) -> 23564.12 | U24: اجمالى الرصيد | V24: اجمالى الرصيد | X24: =SUM(X22:X23) -> 10352.104 | Z24: اجمالى الرصيد | AA24: اجمالى الرصيد | AC24: =SUM(AC22:AC23) -> 9642.8218 | AE24: اجمالى الرصيد | AF24: اجمالى الرصيد | AH24: =SUM(AH22:AH23) -> 10148.814 | AJ24: اجمالى الرصيد | AK24: اجمالى الرصيد | AM24: =SUM(AM22:AM23) -> 14381.386 | AO24: اجمالى الرصيد | AP24: اجمالى الرصيد | AR24: =SUM(AR22:AR23) -> 10216.05 | AT24: اجمالى الرصيد | AU24: اجمالى الرصيد | AW24: =SUM(AW22:AW23) -> 5464.0672 | AY24: اجمالى الرصيد | AZ24: اجمالى الرصيد | BB24: =SUM(BB22:BB23) -> -2443.95 | BD24: اجمالى الرصيد | BE24: اجمالى الرصيد | BG24: =SUM(BG22:BG23) -> 13606.249 | BI24: اجمالى الرصيد | BJ24: اجمالى الرصيد | BL24: =X24+S24+N24+I24+D24+BG24+BB24+AW24+AR24+AM24+AH24+AC24 -> 179562.84
A25: مديونية السيارة | B25: اجمالى الرصيد | D25: المبلغ | F25: مديونية السيارة | U25: محمود محمد الامين | V25: 2021 | W25: 401014401017416 | X25: 9425.98 | AA25: قيمة السيارة | AC25: 50571 | AF25: قيمة السيارة | AH25: 52066 | AK25: قيمة السيارة | AM25: 66361 | AP25: قيمة السيارة | AR25: 65708 | AT25: المديونية | AV25: قيمة السيارة | AW25: 65708 | AZ25: قيمة السيارة | BB25: 65708 | BE25: قيمة السيارة | BG25: 54126 | BI25: قيمة السيارات المضافة | BJ25: =BG25+BB25+AW25+AR25+AM25+AH25+AC25 -> 420248 | BK25: تحويل من ابواديب | BL25: 75000
A26: انيس صالح صالح الضيباني | B26: 2022 | C26: المتابعه مع الشئون القانونية | D26: 200 | F26: الاسم | G26: تاريخ المطالبه | H26: رقم المطالبة | I26: مبلغ المديونية | U26: محمد نصر عبدالله المصباحي | V26: 45224 | W26: 401014501683998 | X26: 10509.37 | AT26: الاسم | AU26: تاريخ المطالبة | AV26: رقم المطالبة | AW26: المبلغ | BK26: اجمالى المستحق لابواديب قبل خصم قيمة السيارات | BL26: =BL25+BL24 -> 254562.84
A27: ابراهيم محمد عبدالله مقبول | B27: 2023 | C27: المتابعه مع الشئون القانونية | D27: 103.48 | F27: ياسر فيصل عبدالعزيز محلاوي | G27: 45477 | H27: 401014502217025 | I27: 5820 | U27: الإجمالي | X27: =SUM(X25:X26) -> 19935.35 | AT27: عادل فرحان حسن النمر | AU27: 45556 | AV27: 401014602436109 | AW27: 4420 | BK27: المتبقى عليه من ثمن الـ7 سيارات بعد خصم الأرباح | BL27: =BJ25-BL26 -> 165685.16
A28: الإجمالي | D28: =SUM(D26:D27) -> 303.48 | AT28: الإجمالي | AW28: =AW27 -> 4420 | BK28: تحويلين 50 و75 بتاريخ 9-2-2025 | BL28: =75000+50000 -> 125000
BK29: تم التحويل بتاريخ 10-2-2025 | BL29: =BL27-BL28 -> 40685.16
BL30: =BL27-BL28-BL29 -> 0

Sheet فهد الاحمدي
A1: تقرير المستثمر : فهد الاحمدي ( 31-12-2024 )
A2: نوع السيارة | C2: بيجاس2022
A3: رقم اللوحة | C3: د ي ر9571
A5: الحساب | D5: المبلغ
A6: ايراد تشغيل والإصلاحات | D6: 20284.348
A7: تعويض شركات التأمين | D7: 0
A8: إيرادات مديونيات أعوام سابقة | D8: 0
A9: اجمالي ايراد السيارة | D9: =SUM(D6:D8) -> 20284.348
A10: مصاريف نقل +اشتراكات أجهزة التتبع+بنزين +غسيل | D10: 384.0001
A11: مصروف فحص دوري وكرت تشغيل | D11: 0
A12: 2102 عمولات بنكية على المشتريات | D12: 196.04449
A13: صيانة السيارات واصلاحات من حوادث | D13: 299.98
A14: مصاريف تأمينات السيارات | D14: 0
A15: مصاريف غيار زيت | D15: 268.04
A16: مصروفات حكومية | D16: =450+113 -> 563
A17: اجمـالى مصروفات التشغيل | D17: =SUM(D10:D16) -> 1711.0646
A18: صافي الربح/الخسارة | D18: =D9-D17 -> 18573.283
A19: نسبة التشغيل من الإيرادات (30%) | D19: =D18*0.3 -> 5571.985
A20: نسبة الربح من الإيرادات (70%) | D20: =D18-D19 -> 13001.298
A21: ما تم سحبه من قبل المستمر
A22: المتبقي | D22: =D20-D21 -> 13001.298
A23: رصيد سنوات سابقة | B23: رصيد سنوات سابقة | D23: 31431
A24: اجمالى الرصيد | B24: اجمالى الرصيد | D24: =SUM(D22:D23) -> 44432.298
A25: مديونية السيارة
A26: الاسم | B26: تاريخ المطالبة | C26: رقم المطالبه | D26: المبلغ
A27: يزيد عيد سلمان المليبي | B27: 2023 | C27: المتابعه مع الشئون القانونية | D27: 4701.5
A28: حسين جمال سعد عبدالسلام | B28: 45453 | C28: المتابعه مع الشئون القانونية | D28: 203.22
A29: الاجمالى | D29: =SUM(D27:D28) -> 4904.72

Sheet نوف عبيدالله مبارك العوفي 
A1: تقرير المستثمر : نوف عبيد الله مبارك العوفى ( 31-12-2024 ) | F1: تقرير المستثمر : نوف عبيد الله مبارك العوفى ( 31-12-2024 ) | K1: تقرير المستثمر : نوف عبيد الله مبارك العوفى ( 31-12-2024 ) | P1: تقرير المستثمر : نوف عبيد الله مبارك العوفى ( 31-12-2024 ) | U1: تقرير المستثمر : نوف عبيد الله مبارك العوفى ( 31-12-2024 ) | Z1: تقرير المستثمر : نوف عبيد الله مبارك العوفى ( 31-12-2024 ) | AE1: تقرير المستثمر : نوف عبيد الله مبارك العوفى ( 31-12-2024 ) | AJ1: تقرير المستثمر : نوف عبيد الله مبارك العوفى ( 31-12-2024 )
A2: نوع السيارة | C2: بيجاس2022 | F2: نوع السيارة | H2: صني 2020 | K2: نوع السيارة | M2: اتراج2021 | P2: نوع السيارة | R2: كيا بيجاس 2023 | U2: نوع السيارة | W2: فيلوز2023 | Z2: نوع السيارة | AB2: هوينداى I10-2024 | AE2: نوع السيارة | AG2: هوينداي كريتا -2024 | AJ2: نوع السيارة
A3: رقم اللوحة | C3: د ي ر9568 | F3: رقم اللوحة | H3: 3109 د م أ | K3: رقم اللوحة | M3: د ه ر 7516 | P3: رقم اللوحة | R3: 2231 ر د ن | U3: رقم اللوحة | W3: ر ر س 5815 | Z3: رقم اللوحة | AB3: ر ك س 3490 | AE3: رقم اللوحة | AG3: ر ك س 3554 | AJ3: رقم اللوحة | AL3: =W3&"-"&R3&"-"&M3&"-"&H3&"-"&C3&" - "&AB3&"-"&AG3 -> ر ر س 5815-2231 ر د ن-د ه ر 7516-3109 د م أ -د ي ر9568 - ر ك س 3490-ر ك س 3554
AB4: إضافة 21-4-2024
A5: الحساب | D5: المبلغ | F5: الحساب | I5: المبلغ | K5: الحساب | N5: المبلغ | P5: الحساب | S5: المبلغ | U5: الحساب | X5: المبلغ | Z5: الحساب | AC5: المبلغ | AE5: الحساب | AH5: المبلغ | AJ5: الحساب | AM5: المبلغ
A6: ايراد تشغيل والإصلاحات | D6: 21958.696 | F6: ايراد تشغيل والإصلاحات | I6: 17700.87 | K6: ايراد تشغيل والإصلاحات | N6: 23091.304 | P6: ايراد تشغيل والإصلاحات | S6: 23669.626 | U6: ايراد تشغيل والإصلاحات | X6: 46162.078 | Z6: ايراد تشغيل والإصلاحات | AC6: 11867.852 | AE6: ايراد تشغيل والإصلاحات | AH6: 0 | AJ6: ايراد تشغيل والإصلاحات | AM6: =D6+I6+N6+S6+X6+AC6+AH6 -> 144450.43
A7: تعويض شركات التأمين | D7: 0 | F7: تعويض شركات التأمين | I7: 0 | K7: تعويض شركات التأمين | N7: 4556.3 | P7: تعويض شركات التأمين | S7: 0 | U7: تعويض شركات التأمين | X7: 0 | Z7: تعويض شركات التأمين | AC7: 0 | AE7: تعويض شركات التأمين | AH7: 0 | AJ7: تعويض شركات التأمين | AM7: =D7+I7+N7+S7+X7+AC7+AH7 -> 4556.3
A8: إيرادات مديونيات أعوام سابقة | D8: 0 | F8: إيرادات مديونيات أعوام سابقة | I8: 0 | K8: إيرادات مديونيات أعوام سابقة | N8: 0 | P8: إيرادات مديونيات أعوام سابقة | U8: إيرادات مديونيات أعوام سابقة | X8: 0 | Z8: إيرادات مديونيات أعوام سابقة | AC8: 0 | AE8: إيرادات مديونيات أعوام سابقة | AH8: 0 | AJ8: إيرادات مديونيات أعوام سابقة | AM8: =D8+I8+N8+S8+X8+AC8+AH8 -> 0
A9: اجمالي ايراد السيارة | D9: =SUM(D6:D8) -> 21958.696 | F9: اجمالي ايراد السيارة | I9: =SUM(I6:I8) -> 17700.87 | K9: اجمالي ايراد السيارة | N9: =SUM(N6:N8) -> 27647.604 | P9: اجمالي ايراد السيارة | S9: =SUM(S6:S8) -> 23669.626 | U9: اجمالي ايراد السيارة | X9: =SUM(X6:X8) -> 46162.078 | Z9: اجمالي ايراد السيارة | AC9: =SUM(AC6:AC8) -> 11867.852 | AE9: اجمالي ايراد السيارة | AH9: =SUM(AH6:AH8) -> 0 | AJ9: اجمالي ايراد السيارة | AM9: =D9+I9+N9+S9+X9+AC9+AH9 -> 149006.73
A10: مصاريف نقل +اشتراكات أجهزة التتبع+بنزين +غسيل | D10: 184 | F10: مصاريف نقل +اشتراكات أجهزة التتبع+بنزين +غسيل | I10: 184 | K10: مصاريف نقل +اشتراكات أجهزة التتبع+بنزين +غسيل | N10: 184 | P10: مصاريف نقل +اشتراكات أجهزة التتبع+بنزين +غسيل | S10: 184 | U10: مصاريف نقل +اشتراكات أجهزة التتبع+بنزين +غسيل | X10: 264 | Z10: مصاريف نقل +اشتراكات أجهزة التتبع+بنزين +غسيل | AC10: 138.45 | AE10: مصاريف نقل +اشتراكات أجهزة التتبع+بنزين +غسيل | AH10: 0 | AJ10: مصاريف نقل +اشتراكات أجهزة التتبع+بنزين +غسيل | AM10: =D10+I10+N10+S10+X10+AC10+AH10 -> 1138.45
A11: مصروف فحص دوري وكرت تشغيل | D11: 0 | F11: مصروف فحص دوري وكرت تشغيل | I11: 0 | K11: مصروف فحص دوري وكرت تشغيل | N11: 100 | P11: مصروف فحص دوري وكرت تشغيل | S11: 0 | U11: مصروف فحص دوري وكرت تشغيل | X11: 0 | Z11: مصروف فحص دوري وكرت تشغيل | AC11: 0 | AE11: مصروف فحص دوري وكرت تشغيل | AH11: 0 | AJ11: مصروف فحص دوري وكرت تشغيل | AM11: =D11+I11+N11+S11+X11+AC11+AH11 -> 100
A12: عمولات بنكية على المشتريات | D12: 106.17203 | F12: عمولات بنكية على المشتريات | I12: 0 | K12: عمولات بنكية على المشتريات | N12: 0 | P12: عمولات بنكية على المشتريات | S12: 86.569183 | U12: عمولات بنكية على المشتريات | X12: 494.24797 | Z12: عمولات بنكية على المشتريات | AC12: 52.53 | AE12: عمولات بنكية على المشتريات | AH12: 0 | AJ12: عمولات بنكية على المشتريات | AM12: =D12+I12+N12+S12+X12+AC12+AH12 -> 739.51919
A13: صيانة السيارات واصلاحات من حوادث | D13: 302.27 | F13: صيانة السيارات واصلاحات من حوادث | I13: 0 | K13: صيانة السيارات واصلاحات من حوادث | N13: 565.648 | P13: صيانة السيارات واصلاحات من حوادث | S13: 592.61 | U13: صيانة السيارات واصلاحات من حوادث | X13: 347.82 | Z13: صيانة السيارات واصلاحات من حوادث | AC13: 0 | AE13: صيانة السيارات واصلاحات من حوادث | AH13: 0 | AJ13: صيانة السيارات واصلاحات من حوادث | AM13: =D13+I13+N13+S13+X13+AC13+AH13 -> 1808.348
A14: مصاريف تأمينات السيارات | D14: 0 | F14: مصاريف تأمينات السيارات | I14: 875.91 | K14: مصاريف تأمينات السيارات | N14: 875.91 | P14: مصاريف تأمينات السيارات | S14: 875.91 | U14: مصاريف تأمينات السيارات | X14: 875.914 | Z14: مصاريف تأمينات السيارات | AC14: 875.91 | AE14: مصاريف تأمينات السيارات | AH14: 884.4 | AJ14: مصاريف تأمينات السيارات | AM14: =D14+I14+N14+S14+X14+AC14+AH14 -> 5263.954
A15: مصاريف غيار زيت | D15: 513.27 | F15: مصاريف غيار زيت | I15: 135 | K15: مصاريف غيار زيت | N15: 386.08 | P15: مصاريف غيار زيت | S15: 403.04 | U15: مصاريف غيار زيت | X15: 794.78 | Z15: مصاريف غيار زيت | AC15: 236.1 | AE15: مصاريف غيار زيت | AH15: 465 | AJ15: مصاريف غيار زيت | AM15: =D15+I15+N15+S15+X15+AC15+AH15 -> 2933.27
A16: مصروفات حكومية | D16: 300 | F16: مصروفات حكومية | I16: 0 | K16: مصروفات حكومية | N16: 300 | P16: مصروفات حكومية | S16: 0 | U16: مصروفات حكومية | X16: 172.5 | Z16: مصروفات حكومية | AC16: 0 | AE16: مصروفات حكومية | AH16: 791 | AJ16: مصروفات حكومية | AM16: =D16+I16+N16+S16+X16+AC16+AH16 -> 1563.5
A17: اجمـالى مصروفات التشغيل | D17: =SUM(D10:D16) -> 1405.712 | F17: اجمـالى مصروفات التشغيل | I17: =SUM(I10:I16) -> 1194.91 | K17: اجمـالى مصروفات التشغيل | N17: =SUM(N10:N16) -> 2411.638 | P17: اجمـالى مصروفات التشغيل | S17: =SUM(S10:S16) -> 2142.1292 | U17: اجمـالى مصروفات التشغيل | X17: =SUM(X10:X16) -> 2949.262 | Z17: اجمـالى مصروفات التشغيل | AC17: =SUM(AC10:AC16) -> 1302.99 | AE17: اجمـالى مصروفات التشغيل | AH17: =SUM(AH10:AH16) -> 2140.4 | AJ17: اجمـالى مصروفات التشغيل | AM17: =D17+I17+N17+S17+X17+AC17+AH17 -> 13547.041
A18: صافي الربح/الخسارة | D18: =D9-D17 -> 20552.984 | F18: صافي الربح/الخسارة | I18: =I9-I17 -> 16505.96 | K18: صافي الربح/الخسارة | N18: =N9-N17 -> 25235.966 | P18: صافي الربح/الخسارة | S18: =S9-S17 -> 21527.497 | U18: صافي الربح/الخسارة | X18: =X9-X17 -> 43212.816 | Z18: صافي الربح/الخسارة | AC18: =AC9-AC17 -> 10564.862 | AE18: صافي الربح/الخسارة | AH18: =AH9-AH17 -> -2140.4 | AJ18: صافي الربح/الخسارة | AM18: =D18+I18+N18+S18+X18+AC18+AH18 -> 135459.68
A19: نسبة التشغيل من الإيرادات (30%) | D19: =D18*0.3 -> 6165.8951 | F19: نسبة التشغيل من الإيرادات (30%) | I19: =I18*0.3 -> 4951.7879 | K19: نسبة التشغيل من الإيرادات (30%) | N19: =N18*0.3 -> 7570.7899 | P19: نسبة التشغيل من الإيرادات (30%) | S19: =S18*0.3 -> 6458.2491 | U19: نسبة التشغيل من الإيرادات (30%) | X19: =X18*0.3 -> 12963.845 | Z19: نسبة التشغيل من الإيرادات (30%) | AC19: =AC18*0.3 -> 3169.4587 | AH19: 0 | AJ19: نسبة التشغيل من الإيرادات (30%) | AM19: =D19+I19+N19+S19+X19+AC19+AH19 -> 41280.025
A20: نسبة الربح من الإيرادات (70%) | D20: =D18-D19 -> 14387.089 | F20: نسبة الربح من الإيرادات (70%) | I20: =I18-I19 -> 11554.172 | K20: نسبة الربح من الإيرادات (70%) | N20: =N18-N19 -> 17665.176 | P20: نسبة الربح من الإيرادات (70%) | S20: =S18-S19 -> 15069.248 | U20: نسبة الربح من الإيرادات (70%) | X20: =X18-X19 -> 30248.971 | Z20: نسبة الربح من الإيرادات (70%) | AC20: =AC18-AC19 -> 7395.4035 | AE20: اجمالى المصروفات (استخدام شخصى ) | AH20: =AH18-AH19 -> -2140.4 | AJ20: نسبة الربح من الإيرادات (70%) | AM20: =D20+I20+N20+S20+X20+AC20+AH20 -> 94179.659
A21: ما تم سحبه من قبل المستمر | D21: 0 | F21: ما تم سحبه من قبل المستمر | I21: 0 | K21: ما تم سحبه من قبل المستمر | N21: 0 | P21: ما تم سحبه من قبل المستمر | S21: 0 | U21: ما تم سحبه من قبل المستمر | X21: 0 | Z21: ما تم سحبه من قبل المستمر | AC21: 0 | AE21: ما تم سحبه من قبل المستمر | AH21: 0 | AJ21: ما تم سحبه من قبل المستمر | AM21: =D21+I21+N21+S21+X21+AC21+AH21 -> 0
A22: المتبقي | D22: =D20-D21 -> 14387.089 | F22: المتبقي | I22: =I20-I21 -> 11554.172 | K22: المتبقي | N22: =N20-N21 -> 17665.176 | P22: المتبقي | S22: =S20-S21 -> 15069.248 | U22: المتبقي | X22: =X20-X21 -> 30248.971 | Z22: المتبقي | AC22: =AC20-AC21 -> 7395.4035 | AE22: المتبقي | AH22: =AH20-AH21 -> -2140.4 | AJ22: المتبقي | AM22: =D22+I22+N22+S22+X22+AC22+AH22 -> 94179.659
A23: رصيد سنوات سابقة | B23: رصيد سنوات سابقة | D23: 13833 | F23: رصيد سنوات سابقة | G23: رصيد سنوات سابقة | I23: 0 | K23: رصيد سنوات سابقة | L23: رصيد سنوات سابقة | N23: 11346 | P23: رصيد سنوات سابقة | Q23: رصيد سنوات سابقة | S23: 17426 | U23: رصيد سنوات سابقة | V23: رصيد سنوات سابقة | X23: 24604 | Z23: رصيد سنوات سابقة | AA23: رصيد سنوات سابقة | AE23: رصيد سنوات سابقة | AF23: رصيد سنوات سابقة | AJ23: رصيد سنوات سابقة | AK23: رصيد سنوات سابقة | AM23: =D23+I23+N23+S23+X23+AC23+AH23 -> 67209
A24: اجمالى الرصيد | B24: اجمالى الرصيد | D24: =SUM(D22:D23) -> 28220.089 | F24: اجمالى الرصيد | G24: اجمالى الرصيد | I24: =SUM(I22:I23) -> 11554.172 | K24: اجمالى الرصيد | L24: اجمالى الرصيد | N24: =SUM(N22:N23) -> 29011.176 | P24: اجمالى الرصيد | Q24: اجمالى الرصيد | S24: =SUM(S22:S23) -> 32495.248 | U24: اجمالى الرصيد | V24: اجمالى الرصيد | X24: =SUM(X22:X23) -> 54852.971 | Z24: اجمالى الرصيد | AA24: اجمالى الرصيد | AC24: =SUM(AC22:AC23) -> 7395.4035 | AE24: اجمالى الرصيد | AF24: اجمالى الرصيد | AH24: =SUM(AH22:AH23) -> -2140.4 | AJ24: اجمالى الرصيد | AK24: اجمالى الرصيد | AM24: =D24+I24+N24+S24+X24+AC24+AH24 -> 161388.66

Sheet ايلان العوفي 
A1: تقرير المستثمر : ايلان العوفي ( 31-12-2024 )
A2: نوع السيارة | C2: رايز 2023
A3: رقم اللوحة | C3: 3474 ر ر م
A5: الحساب | D5: المبلغ
A6: ايراد تشغيل والإصلاحات | D6: 27776.096
A7: تعويض شركات التأمين | D7: 0
A8: إيرادات مديونيات أعوام سابقة | D8: 0
A9: اجمالي ايراد السيارة | D9: =SUM(D6:D8) -> 27776.096
A10: مصاريف نقل +اشتراكات أجهزة التتبع+بنزين +غسيل | D10: 221.39
A11: مصروف فحص دوري وكرت تشغيل | D11: 0
A12: عمولات بنكية على المشتريات | D12: 183.75149
A13: صيانة السيارات واصلاحات من حوادث | D13: 449.13
A14: مصاريف تأمينات السيارات | D14: 875.914
A15: مصاريف غيار زيت | D15: 761.08
A16: مصروفات حكومية | D16: 0
A17: اجمـالى مصروفات التشغيل | D17: =SUM(D10:D16) -> 2491.2655
A18: صافي الربح/الخسارة | D18: =D9-D17 -> 25284.83
A19: نسبة التشغيل من الإيرادات (30%) | D19: =D18*0.3 -> 7585.449
A20: نسبة الربح من الإيرادات (70%) | D20: =D18-D19 -> 17699.381
A21: ما تم سحبه من قبل المستمر
A22: المتبقي | D22: =D20-D21 -> 17699.381
A23: رصيد سنوات سابقة | B23: رصيد سنوات سابقة | D23: 11231
A24: اجمالى الرصيد | B24: اجمالى الرصيد | D24: =SUM(D22:D23) -> 28930.381
A25: مديونية السيارة
A26: الاسم | B26: تاريخ المطالبه | C26: رقم المطالبة | D26: مبلغ المديونية
A27: نزار محمود محمد راغب | B27: 45669 | C27: 401014602777880 | D27: 67.24

Sheet عبدالوهاب سليم
A1: تقرير المستثمر : عبدالوهاب سليم ( 31-12-2024 )
A2: نوع السيارة | C2: رايز 2023
A3: رقم اللوحة | C3: 3475 ر ر م
A5: الحساب | D5: المبلغ
A6: ايراد تشغيل والإصلاحات | D6: 27838.696
A7: تعويض شركات التأمين | D7: 0
A8: إيرادات مديونيات أعوام سابقة | D8: 0
A9: اجمالي ايراد السيارة | D9: =SUM(D6:D8) -> 27838.696
A10: مصاريف نقل +اشتراكات أجهزة التتبع+بنزين +غسيل | D10: 192.69
A11: مصروف فحص دوري وكرت تشغيل | D11: 0
A12: عمولات بنكية على المشتريات | D12: 222.10762
A13: صيانة السيارات واصلاحات من حوادث | D13: =150+340.43 -> 490.43
A14: مصاريف تأمينات السيارات | D14: 875.914
A15: مصاريف غيار زيت | D15: 656.08
A16: مصروفات حكومية | D16: 0
A17: اجمـالى مصروفات التشغيل | D17: =SUM(D10:D16) -> 2437.2216
A18: صافي الربح/الخسارة | D18: =D9-D17 -> 25401.474
A19: نسبة التشغيل من الإيرادات (30%) | D19: =D18*0.3 -> 7620.4422
A20: نسبة الربح من الإيرادات (70%) | D20: =D18-D19 -> 17781.032
A21: ما تم سحبه من قبل المستمر | D21: 0
A22: المتبقي | D22: =D20-D21 -> 17781.032
A23: رصيد سنوات سابقة | B23: رصيد سنوات سابقة | D23: 0
A24: اجمالى الرصيد | B24: اجمالى الرصيد | D24: =SUM(D22:D23) -> 17781.032

Sheet سلطان عواد الدبيسي
A1: تقرير المستثمر : سلطان عواد الدبيسي ( 31-12-2024 )
A2: نوع السيارة | C2: بيجاس2022
A3: رقم اللوحة | C3: د ي ر9567
A5: الحساب | D5: المبلغ
A6: ايراد تشغيل والإصلاحات | D6: 21490
A7: تعويض شركات التأمين | D7: 0
A8: إيرادات مديونيات أعوام سابقة | D8: 0
A9: اجمالي ايراد السيارة | D9: =SUM(D6:D8) -> 21490
A10: مصاريف نقل +اشتراكات أجهزة التتبع+بنزين +غسيل | D10: 184
A11: مصروف فحص دوري وكرت تشغيل | D11: 0
A12: 2102 عمولات بنكية على المشتريات | D12: 142.17
A13: صيانة السيارات واصلاحات من حوادث | D13: 454.37
A14: مصاريف تأمينات السيارات | D14: 0
A15: مصاريف غيار زيت | D15: 524.36
A16: مصروفات حكومية | D16: 300
A17: اجمـالى مصروفات التشغيل | D17: =SUM(D10:D16) -> 1604.9
A18: صافي الربح/الخسارة | D18: =D9-D17 -> 19885.1
A19: نسبة التشغيل من الإيرادات (30%) | D19: =D18*0.3 -> 5965.53
A20: نسبة الربح من الإيرادات (70%) | D20: =D18-D19 -> 13919.57
A21: ما تم سحبه من قبل المستمر | D21: 0
A22: المتبقي | D22: =D20-D21 -> 13919.57
A23: رصيد سنوات سابقة | B23: رصيد سنوات سابقة | D23: 0
A24: اجمالى الرصيد | B24: اجمالى الرصيد | D24: =SUM(D22:D23) -> 13919.57

Sheet لانا العوفي
A1: تقرير المستثمر : لانا العوفي ( 31-12-2024 )
A2: نوع السيارة | C2: يارس2023
A3: رقم اللوحة | C3: ر ر س 5945
A5: الحساب | D5: المبلغ
A6: ايراد تشغيل والإصلاحات | D6: 11030.922
A7: تعويض شركات التأمين | D7: 0
A8: إيرادات مديونيات أعوام سابقة | D8: 0
A9: اجمالي ايراد السيارة | D9: =SUM(D6:D8) -> 11030.922
A10: مصاريف نقل +اشتراكات أجهزة التتبع+بنزين +غسيل | D10: 544.57
A11: مصروف فحص دوري وكرت تشغيل | D11: 0
A12: 2102 عمولات بنكية على المشتريات | D12: 83.63198
A13: صيانة السيارات واصلاحات من حوادث | D13: 3155.3
A14: مصاريف تأمينات السيارات | D14: 875.914
A15: مصاريف غيار زيت | D15: 281.09
A16: مصروفات حكومية | D16: 601
A17: اجمـالى مصروفات التشغيل | D17: =SUM(D10:D16) -> 5541.506
A18: صافي الربح/الخسارة | D18: =D9-D17 -> 5489.4158
A19: نسبة التشغيل من الإيرادات (30%) | D19: =D18*0.3 -> 1646.8247
A20: نسبة الربح من الإيرادات (70%) | D20: =D18-D19 -> 3842.591
A21: ما تم سحبه من قبل المستمر | D21: 0
A22: المتبقي | D22: =D20-D21 -> 3842.591
A23: رصيد سنوات سابقة | B23: رصيد سنوات سابقة | D23: 5160
A24: اجمالى الرصيد | B24: اجمالى الرصيد | D24: =SUM(D22:D23) -> 9002.591
A25: مديونية السيارة
A26: الاسم | B26: تاريخ المديونية | C26: رقم المطالبه | D26: المبلغ
A27: سلمان عبدالله شتيان السهلي الحربي | B27: 45097 | C27: 401014401451727 | D27: 1593.75
A28: احمد عدنان محمد سمان | B28: 45585 | C28: 401014602516478 | D28: 11724.8
A29: الاجمالى | D29: =SUM(D27:D28) -> 13318.55

Sheet  مريم مسعد الصاعدي
A1: تقرير المستثمر : مريم مسعد الصاعدي ( 31-12-2024 ) | F1: تقرير المستثمر : مريم مسعد الصاعدي ( 31-12-2024 ) | K1: تقرير المستثمر : مريم مسعد الصاعدي ( 31-12-2024 ) | P1: تقرير المستثمر : مريم مسعد الصاعدي ( 31-12-2024 ) | U1: تقرير المستثمر : مريم مسعد الصاعدي ( 31-12-2024 )
A2: نوع السيارة | C2: اكسنت2022 | F2: نوع السيارة | H2: Hyundai I 10 -2025 | K2: نوع السيارة | M2: Hyundai I 10 -2025 | P2: نوع السيارة | R2: Hyundai I 10 -2025 | U2: نوع السيارة | W2: Hyundai I 10 -2025
A3: رقم اللوحة | C3: ر ا ه 8781 | F3: رقم اللوحة | H3: ر ن ع 5363 | K3: رقم اللوحة | M3: ر ن ع 5362 | P3: رقم اللوحة | R3: ر ن ع 5364 | U3: رقم اللوحة | W3: =R3& "- "&M3&"- "&H3&" - "&C3 -> ر ن ع 5364- ر ن ع 5362- ر ن ع 5363 - ر ا ه 8781
I4: جديدة | N4: جديدة | S4: جديدة
A5: الحساب | D5: المبلغ | F5: الحساب | I5: المبلغ | K5: الحساب | N5: المبلغ | P5: الحساب | S5: المبلغ | U5: الحساب | X5: المبلغ
A6: ايراد تشغيل والإصلاحات | D6: 27703.478 | F6: ايراد تشغيل والإصلاحات | I6: 1226.087 | K6: ايراد تشغيل والإصلاحات | N6: 2100 | P6: ايراد تشغيل والإصلاحات | S6: 0 | U6: ايراد تشغيل والإصلاحات | X6: =S6+N6+I6+D6 -> 31029.565
A7: تعويض شركات التأمين | D7: 0 | F7: تعويض شركات التأمين | I7: 0 | K7: تعويض شركات التأمين | N7: 0 | P7: تعويض شركات التأمين | S7: 0 | U7: تعويض شركات التأمين | X7: =S7+N7+I7+D7 -> 0
A8: إيرادات مديونيات أعوام سابقة | F8: إيرادات مديونيات أعوام سابقة | I8: 0 | K8: إيرادات مديونيات أعوام سابقة | N8: 0 | P8: إيرادات مديونيات أعوام سابقة | S8: 0 | U8: إيرادات مديونيات أعوام سابقة | X8: =S8+N8+I8+D8 -> 0
A9: اجمالي ايراد السيارة | D9: =SUM(D6:D8) -> 27703.478 | F9: اجمالي ايراد السيارة | I9: =SUM(I6:I8) -> 1226.087 | K9: اجمالي ايراد السيارة | N9: =SUM(N6:N8) -> 2100 | P9: اجمالي ايراد السيارة | S9: =SUM(S6:S8) -> 0 | U9: اجمالي ايراد السيارة | X9: =S9+N9+I9+D9 -> 31029.565
A10: مصاريف نقل +اشتراكات أجهزة التتبع+بنزين +غسيل | D10: 184 | F10: مصاريف نقل +اشتراكات أجهزة التتبع+بنزين +غسيل | I10: 0 | K10: مصاريف نقل +اشتراكات أجهزة التتبع+بنزين +غسيل | N10: 0 | P10: مصاريف نقل +اشتراكات أجهزة التتبع+بنزين +غسيل | S10: 0 | U10: مصاريف نقل +اشتراكات أجهزة التتبع+بنزين +غسيل | X10: =S10+N10+I10+D10 -> 184
A11: مصروف فحص دوري وكرت تشغيل | F11: مصروف فحص دوري وكرت تشغيل | I11: 0 | K11: مصروف فحص دوري وكرت تشغيل | N11: 0 | P11: مصروف فحص دوري وكرت تشغيل | S11: 0 | U11: مصروف فحص دوري وكرت تشغيل | X11: =S11+N11+I11+D11 -> 0
A12: 2102 عمولات بنكية على المشتريات | D12: 121.27561 | F12: 2102 عمولات بنكية على المشتريات | I12: 25.38 | K12: 2102 عمولات بنكية على المشتريات | N12: 23 | P12: 2102 عمولات بنكية على المشتريات | S12: 0 | U12: 2102 عمولات بنكية على المشتريات | X12: =S12+N12+I12+D12 -> 169.65561
A13: صيانة السيارات واصلاحات من حوادث | D13: 674.05 | F13: صيانة السيارات واصلاحات من حوادث | I13: 0 | K13: صيانة السيارات واصلاحات من حوادث | N13: 0 | P13: صيانة السيارات واصلاحات من حوادث | S13: 0 | U13: صيانة السيارات واصلاحات من حوادث | X13: =S13+N13+I13+D13 -> 674.05
A14: مصاريف تأمينات السيارات | D14: 875.91 | F14: مصاريف تأمينات السيارات | I14: 0 | K14: مصاريف تأمينات السيارات | N14: 0 | P14: مصاريف تأمينات السيارات | S14: 0 | U14: مصاريف تأمينات السيارات | X14: =S14+N14+I14+D14 -> 875.91
A15: مصاريف غيار زيت | D15: 644.36 | F15: مصاريف غيار زيت | I15: 0 | K15: مصاريف غيار زيت | N15: 0 | P15: مصاريف غيار زيت | S15: 0 | U15: مصاريف غيار زيت | X15: =S15+N15+I15+D15 -> 644.36
A16: مصروفات حكومية | F16: مصروفات حكومية | I16: 0 | K16: مصروفات حكومية | N16: 0 | P16: مصروفات حكومية | S16: 0 | U16: مصروفات حكومية | X16: =S16+N16+I16+D16 -> 0
A17: اجمـالى مصروفات التشغيل | D17: =SUM(D10:D16) -> 2499.5956 | F17: اجمـالى مصروفات التشغيل | I17: =SUM(I10:I16) -> 25.38 | K17: اجمـالى مصروفات التشغيل | N17: =SUM(N10:N16) -> 23 | P17: اجمـالى مصروفات التشغيل | S17: =SUM(S10:S16) -> 0 | U17: اجمـالى مصروفات التشغيل | X17: =S17+N17+I17+D17 -> 2547.9756
A18: صافي الربح/الخسارة | D18: =D9-D17 -> 25203.883 | F18: صافي الربح/الخسارة | I18: =I9-I17 -> 1200.707 | K18: صافي الربح/الخسارة | N18: =N9-N17 -> 2077 | P18: صافي الربح/الخسارة | S18: =S9-S17 -> 0 | U18: صافي الربح/الخسارة | X18: =S18+N18+I18+D18 -> 28481.59
A19: نسبة التشغيل من الإيرادات (30%) | D19: =D18*0.3 -> 7561.1648 | F19: نسبة التشغيل من الإيرادات (30%) | I19: =I18*0.3 -> 360.21209 | K19: نسبة التشغيل من الإيرادات (30%) | N19: =N18*0.3 -> 623.1 | P19: نسبة التشغيل من الإيرادات (30%) | S19: =S18*0.3 -> 0 | U19: نسبة التشغيل من الإيرادات (30%) | X19: =S19+N19+I19+D19 -> 8544.4769
A20: نسبة الربح من الإيرادات (70%) | D20: =D18-D19 -> 17642.718 | F20: نسبة الربح من الإيرادات (70%) | I20: =I18-I19 -> 840.49487 | K20: نسبة الربح من الإيرادات (70%) | N20: =N18-N19 -> 1453.9 | P20: نسبة الربح من الإيرادات (70%) | S20: =S18-S19 -> 0 | U20: نسبة الربح من الإيرادات (70%) | X20: =S20+N20+I20+D20 -> 19937.113
A21: ما تم سحبه من قبل المستمر | F21: ما تم سحبه من قبل المستمر | K21: ما تم سحبه من قبل المستمر | P21: ما تم سحبه من قبل المستمر | U21: ما تم سحبه من قبل المستمر | X21: =S21+N21+I21+D21 -> 0
A22: المتبقي | D22: =D20-D21 -> 17642.718 | F22: المتبقي | I22: =I20-I21 -> 840.49487 | K22: المتبقي | N22: =N20-N21 -> 1453.9 | P22: المتبقي | S22: =S20-S21 -> 0 | U22: المتبقي | X22: =S22+N22+I22+D22 -> 19937.113
A23: رصيد سنوات سابقة | B23: رصيد سنوات سابقة | F23: رصيد سنوات سابقة | G23: رصيد سنوات سابقة | K23: رصيد سنوات سابقة | L23: رصيد سنوات سابقة | P23: رصيد سنوات سابقة | Q23: رصيد سنوات سابقة | U23: رصيد سنوات سابقة | V23: رصيد سنوات سابقة | X23: =S23+N23+I23+D23 -> 0
A24: اجمالى الرصيد | B24: اجمالى الرصيد | D24: =SUM(D22:D23) -> 17642.718 | F24: اجمالى الرصيد | G24: اجمالى الرصيد | I24: =SUM(I22:I23) -> 840.49487 | K24: اجمالى الرصيد | L24: اجمالى الرصيد | N24: =SUM(N22:N23) -> 1453.9 | P24: اجمالى الرصيد | Q24: اجمالى الرصيد | S24: =SUM(S22:S23) -> 0 | U24: اجمالى الرصيد | V24: اجمالى الرصيد | X24: =S24+N24+I24+D24 -> 19937.113
A25: مديونية السيارة
A26: الاسم | B26: تاريخ المطالبه | C26: رقم المطالبة | D26: مبلغ المديونية
A27: منير حسن محمد سعيد الصبحي | B27: 45308 | C27: 401014401164875 | D27: 6860

Sheet فهد الغامدي
A1: تقرير المستثمر : فهد الغامدي ( 31-12-2024 ) | F1: تقرير المستثمر : فهد الغامدي ( 31-12-2024 ) | K1: تقرير المستثمر : فهد الغامدي ( 31-12-2024 )
A2: نوع السيارة | C2: اتراج 2022 | F2: نوع السيارة | H2: اتراج2022 | K2: نوع السيارة
A3: رقم اللوحة | C3: ر ا ل 7858 | F3: رقم اللوحة | H3: ر ا ل 7853 | K3: رقم اللوحة | M3: =H3&"-"&C3 -> ر ا ل 7853-ر ا ل 7858
A5: الحساب | D5: المبلغ | F5: الحساب | I5: المبلغ | K5: الحساب | N5: المبلغ
A6: ايراد تشغيل والإصلاحات | D6: 23647.096 | F6: ايراد تشغيل والإصلاحات | I6: 17139.13 | K6: ايراد تشغيل والإصلاحات | N6: =D6+I6 -> 40786.226
A7: تعويض شركات التأمين | D7: 0 | F7: تعويض شركات التأمين | I7: 0 | K7: تعويض شركات التأمين | N7: =D7+I7 -> 0
A8: إيرادات مديونيات أعوام سابقة | D8: 0 | F8: إيرادات مديونيات أعوام سابقة | I8: 0 | K8: إيرادات مديونيات أعوام سابقة | N8: =D8+I8 -> 0
A9: اجمالي ايراد السيارة | D9: =SUM(D6:D8) -> 23647.096 | F9: اجمالي ايراد السيارة | I9: =SUM(I6:I8) -> 17139.13 | K9: اجمالي ايراد السيارة | N9: =D9+I9 -> 40786.226
A10: مصاريف نقل +اشتراكات أجهزة التتبع+بنزين +غسيل | D10: 184 | F10: مصاريف نقل +اشتراكات أجهزة التتبع+بنزين +غسيل | I10: 546.17 | K10: مصاريف نقل +اشتراكات أجهزة التتبع+بنزين +غسيل | N10: =D10+I10 -> 730.17
A11: مصروف فحص دوري وكرت تشغيل | F11: مصروف فحص دوري وكرت تشغيل | K11: مصروف فحص دوري وكرت تشغيل | N11: =D11+I11 -> 0
A12: 2102 عمولات بنكية على المشتريات | D12: 93.175993 | F12: 2102 عمولات بنكية على المشتريات | I12: 86.329996 | K12: 2102 عمولات بنكية على المشتريات | N12: =D12+I12 -> 179.50599
A13: صيانة السيارات واصلاحات من حوادث | D13: 1095.63 | F13: صيانة السيارات واصلاحات من حوادث | I13: 1156.11 | K13: صيانة السيارات واصلاحات من حوادث | N13: =D13+I13 -> 2251.74
A14: مصاريف تأمينات السيارات | D14: 0 | F14: مصاريف تأمينات السيارات | I14: 0 | K14: مصاريف تأمينات السيارات | N14: =D14+I14 -> 0
A15: مصاريف غيار زيت | D15: 309.13 | F15: مصاريف غيار زيت | I15: 270 | K15: مصاريف غيار زيت | N15: =D15+I15 -> 579.13
A16: مصروفات حكومية | D16: 300 | F16: مصروفات حكومية | I16: 350 | K16: مصروفات حكومية | N16: =D16+I16 -> 650
A17: اجمـالى مصروفات التشغيل | D17: =SUM(D10:D16) -> 1981.936 | F17: اجمـالى مصروفات التشغيل | I17: =SUM(I10:I16) -> 2408.61 | K17: اجمـالى مصروفات التشغيل | N17: =D17+I17 -> 4390.546
A18: صافي الربح/الخسارة | D18: =D9-D17 -> 21665.16 | F18: صافي الربح/الخسارة | I18: =I9-I17 -> 14730.52 | K18: صافي الربح/الخسارة | N18: =D18+I18 -> 36395.68
A19: نسبة التشغيل من الإيرادات (30%) | D19: =D18*0.3 -> 6499.5479 | F19: نسبة التشغيل من الإيرادات (30%) | I19: =I18*0.3 -> 4419.1561 | K19: نسبة التشغيل من الإيرادات (30%) | N19: =D19+I19 -> 10918.704
A20: نسبة الربح من الإيرادات (70%) | D20: =D18-D19 -> 15165.612 | F20: نسبة الربح من الإيرادات (70%) | I20: =I18-I19 -> 10311.364 | K20: نسبة الربح من الإيرادات (70%) | N20: =D20+I20 -> 25476.976
A21: ما تم سحبه من قبل المستمر | F21: ما تم سحبه من قبل المستمر | K21: ما تم سحبه من قبل المستمر | N21: =D21+I21 -> 0
A22: المتبقي | D22: =D20-D21 -> 15165.612 | F22: المتبقي | I22: =I20-I21 -> 10311.364 | K22: المتبقي | N22: =D22+I22 -> 25476.976
A23: رصيد سنوات سابقة | B23: رصيد سنوات سابقة | D23: 0 | F23: رصيد سنوات سابقة | G23: رصيد سنوات سابقة | I23: 0 | K23: رصيد سنوات سابقة | L23: رصيد سنوات سابقة | N23: =D23+I23 -> 0
A24: اجمالى الرصيد | B24: اجمالى الرصيد | D24: =SUM(D22:D23) -> 15165.612 | F24: اجمالى الرصيد | G24: اجمالى الرصيد | I24: =SUM(I22:I23) -> 10311.364 | K24: اجمالى الرصيد | L24: اجمالى الرصيد | N24: =D24+I24 -> 25476.976
A25: مديونية السيارة | F25: مديونية السيارة
A26: الاسم | B26: تاريخ المطالبه | C26: رقم المطالبه | D26: المبلغ | F26: الاسم | G26: تاريخ المطالبه | H26: رقم المطالبه | I26: المبلغ
A27: مهند عيد سالم الحجوري | B27: 45007 | C27: 401014401295944 | D27: 5168.67 | F27: سيف ذياب عواد المرواني | G27: 45094 | H27: 401014401445236 | I27: 8748
F28: صالح محمد صالح لولو النخلي | G28: تم الاتفاق على السداد على دفعات من 2-5-2024 | I28: 6277.97
F29: الإجمالي | I29: =SUM(I26:I28) -> 15025.97

Sheet ام عبدالرحمن
A1: تقرير المستثمر : ام عبدالرحمن ( 31-12-2024 )
A2: نوع السيارة | C2: اتراج 2022
A3: رقم اللوحة | C3: ر ا ل 7854
A5: الحساب | D5: المبلغ
A6: ايراد تشغيل والإصلاحات | D6: 16559.974
A7: تعويض شركات التأمين | D7: 0
A8: إيرادات مديونيات أعوام سابقة | D8: 0
A9: اجمالي ايراد السيارة | D9: =SUM(D6:D8) -> 16559.974
A10: مصاريف نقل +اشتراكات أجهزة التتبع+بنزين +غسيل | D10: 229
A11: مصروف فحص دوري وكرت تشغيل | D11: 0
A12: 2102 عمولات بنكية على المشتريات | D12: 38.522058
A13: صيانة السيارات واصلاحات من حوادث | D13: 582.61
A14: مصاريف تأمينات السيارات | D14: 0
A15: مصاريف غيار زيت | D15: 491.52
A16: مصروفات حكومية | D16: 300
A17: اجمـالى مصروفات التشغيل | D17: =SUM(D10:D16) -> 1641.6521
A18: صافي الربح/الخسارة | D18: =D9-D17 -> 14918.322
A19: نسبة التشغيل من الإيرادات (30%) | D19: =D18*0.3 -> 4475.4966
A20: نسبة الربح من الإيرادات (70%) | D20: =D18-D19 -> 10442.825
A21: ما تم سحبه من قبل المستمر
A22: المتبقي | D22: =D20-D21 -> 10442.825
A23: رصيد سنوات سابقة | B23: رصيد سنوات سابقة | D23: 32480.546
A24: اجمالى الرصيد | B24: اجمالى الرصيد | D24: =SUM(D22:D23) -> 42923.371
A25: مديونية السيارة
A26: الاسم | B26: تاريخ المطالبة | C26: رقم المطالبه | D26: المبلغ
A27: ريان جميل ابراهيم السقا | B27: 45528 | C27: 401014602349609 | D27: 5136.67

Sheet نادر سليم الرشيدي 
A1: تقرير المستثمر : نادر سليم الرشيدي ( 31-12-2024 ) | F1: تقرير المستثمر : نادر سليم الرشيدي ( 31-12-2024 ) | K1: تقرير المستثمر : نادر سليم الرشيدي ( 31-12-2024 ) | P1: تقرير المستثمر : نادر سليم الرشيدي ( 31-12-2024 ) | U1: تقرير المستثمر : نادر سليم الرشيدي ( 31-12-2024 )
A2: نوع السيارة | C2: اتراج 2022 | F2: نوع السيارة | H2: يارس 2023 | K2: نوع السيارة | M2: يارس فضي 2021 | P2: نوع السيارة | R2: هايلوكس 2021 | U2: نوع السيارة
A3: رقم اللوحة | C3: ر ا ل 7848 | F3: رقم اللوحة | H3: ر ر س 5946 | K3: رقم اللوحة | M3: 2063 د ه و | P3: رقم اللوحة | R3: ب ر أ 2792 | U3: رقم اللوحة | W3: =C3&"-"&H3&"-"&M3&"-"&R3 -> ر ا ل 7848-ر ر س 5946-2063 د ه و -ب ر أ 2792
A5: الحساب | D5: المبلغ | F5: الحساب | I5: المبلغ | K5: الحساب | N5: المبلغ | P5: الحساب | S5: المبلغ | U5: الحساب | X5: المبلغ
A6: ايراد تشغيل والإصلاحات | D6: 15341.47 | F6: ايراد تشغيل والإصلاحات | I6: 10023 | K6: ايراد تشغيل والإصلاحات | N6: 23941.739 | P6: ايراد تشغيل والإصلاحات | S6: 33613.913 | U6: ايراد تشغيل والإصلاحات | X6: =S6+N6+I6+D6 -> 82920.122
A7: تعويض شركات التأمين | D7: 0 | F7: تعويض شركات التأمين | I7: 0 | K7: تعويض شركات التأمين | N7: 0 | P7: تعويض شركات التأمين | S7: 0 | U7: تعويض شركات التأمين | X7: =S7+N7+I7+D7 -> 0
A8: إيرادات مديونيات أعوام سابقة | D8: 500 | F8: إيرادات مديونيات أعوام سابقة | I8: 1578 | K8: إيرادات مديونيات أعوام سابقة | N8: 0 | P8: إيرادات مديونيات أعوام سابقة | S8: 0 | U8: إيرادات مديونيات أعوام سابقة | X8: =S8+N8+I8+D8 -> 2078
A9: اجمالي ايراد السيارة | D9: =SUM(D6:D8) -> 15841.47 | F9: اجمالي ايراد السيارة | I9: =SUM(I6:I8) -> 11601 | K9: اجمالي ايراد السيارة | N9: =SUM(N6:N8) -> 23941.739 | P9: اجمالي ايراد السيارة | S9: =SUM(S6:S8) -> 33613.913 | U9: اجمالي ايراد السيارة | X9: =S9+N9+I9+D9 -> 84998.122
A10: مصاريف نقل +اشتراكات أجهزة التتبع+بنزين +غسيل | D10: 384.0001 | F10: مصاريف نقل +اشتراكات أجهزة التتبع+بنزين +غسيل | I10: 717.34 | K10: مصاريف نقل +اشتراكات أجهزة التتبع+بنزين +غسيل | N10: 401.3901 | P10: مصاريف نقل +اشتراكات أجهزة التتبع+بنزين +غسيل | S10: 279.65 | U10: مصاريف نقل +اشتراكات أجهزة التتبع+بنزين +غسيل | X10: =S10+N10+I10+D10 -> 1782.3802
A11: مصروف فحص دوري وكرت تشغيل | D11: 0 | F11: مصروف فحص دوري وكرت تشغيل | I11: 0 | K11: مصروف فحص دوري وكرت تشغيل | N11: 100 | P11: مصروف فحص دوري وكرت تشغيل | S11: 100 | U11: مصروف فحص دوري وكرت تشغيل | X11: =S11+N11+I11+D11 -> 200
A12: 2102 عمولات بنكية على المشتريات | D12: 0 | F12: 2102 عمولات بنكية على المشتريات | I12: 23.519971 | K12: 2102 عمولات بنكية على المشتريات | N12: 47.968837 | P12: 2102 عمولات بنكية على المشتريات | S12: 210.58159 | U12: 2102 عمولات بنكية على المشتريات | X12: =S12+N12+I12+D12 -> 282.0704
A13: صيانة السيارات واصلاحات من حوادث | D13: 2481.65 | F13: صيانة السيارات واصلاحات من حوادث | I13: 2478.71 | K13: صيانة السيارات واصلاحات من حوادث | N13: 1035.65 | P13: صيانة السيارات واصلاحات من حوادث | S13: 1120 | U13: صيانة السيارات واصلاحات من حوادث | X13: =S13+N13+I13+D13 -> 7116.01
A14: مصاريف تأمينات السيارات | D14: 0 | F14: مصاريف تأمينات السيارات | I14: 875.914 | K14: مصاريف تأمينات السيارات | N14: 875.91 | P14: مصاريف تأمينات السيارات | S14: 978.93 | U14: مصاريف تأمينات السيارات | X14: =S14+N14+I14+D14 -> 2730.754
A15: مصاريف غيار زيت | D15: 671.08 | F15: مصاريف غيار زيت | I15: 285.04 | K15: مصاريف غيار زيت | N15: 1091.09 | P15: مصاريف غيار زيت | S15: 895.45 | U15: مصاريف غيار زيت | X15: =S15+N15+I15+D15 -> 2942.66
A16: مصروفات حكومية | D16: 375 | F16: مصروفات حكومية | I16: 229.7 | K16: مصروفات حكومية | N16: 300 | P16: مصروفات حكومية | S16: 1300 | U16: مصروفات حكومية | X16: =S16+N16+I16+D16 -> 2204.7
A17: اجمـالى مصروفات التشغيل | D17: =SUM(D10:D16) -> 3911.7301 | F17: اجمـالى مصروفات التشغيل | I17: =SUM(I10:I16) -> 4610.224 | K17: اجمـالى مصروفات التشغيل | N17: =SUM(N10:N16) -> 3852.0089 | P17: اجمـالى مصروفات التشغيل | S17: =SUM(S10:S16) -> 4884.6116 | U17: اجمـالى مصروفات التشغيل | X17: =S17+N17+I17+D17 -> 17258.575
A18: صافي الربح/الخسارة | D18: =D9-D17 -> 11929.739 | F18: صافي الربح/الخسارة | I18: =I9-I17 -> 6990.776 | K18: صافي الربح/الخسارة | N18: =N9-N17 -> 20089.73 | P18: صافي الربح/الخسارة | S18: =S9-S17 -> 28729.301 | U18: صافي الربح/الخسارة | X18: =S18+N18+I18+D18 -> 67739.547
A19: نسبة التشغيل من الإيرادات (30%) | D19: =D18*0.3 -> 3578.9218 | F19: نسبة التشغيل من الإيرادات (30%) | I19: =I18*0.3 -> 2097.2328 | K19: نسبة التشغيل من الإيرادات (30%) | N19: =N18*0.3 -> 6026.9191 | P19: نسبة التشغيل من الإيرادات (30%) | S19: =S18*0.3 -> 8618.7904 | U19: نسبة التشغيل من الإيرادات (30%) | X19: =S19+N19+I19+D19 -> 20321.864
A20: نسبة الربح من الإيرادات (70%) | D20: =D18-D19 -> 8350.8176 | F20: نسبة الربح من الإيرادات (70%) | I20: =I18-I19 -> 4893.5432 | K20: نسبة الربح من الإيرادات (70%) | N20: =N18-N19 -> 14062.811 | P20: نسبة الربح من الإيرادات (70%) | S20: =S18-S19 -> 20110.511 | U20: نسبة الربح من الإيرادات (70%) | X20: =S20+N20+I20+D20 -> 47417.683
A21: ما تم سحبه من قبل المستمر | F21: ما تم سحبه من قبل المستمر | K21: ما تم سحبه من قبل المستمر | P21: ما تم سحبه من قبل المستمر | U21: ما تم سحبه من قبل المستمر | X21: =S21+N21+I21+D21 -> 0
A22: المتبقي | D22: =D20-D21 -> 8350.8176 | F22: المتبقي | I22: =I20-I21 -> 4893.5432 | K22: المتبقي | N22: =N20-N21 -> 14062.811 | P22: المتبقي | S22: =S20-S21 -> 20110.511 | U22: المتبقي | X22: =S22+N22+I22+D22 -> 47417.683
A23: رصيد سنوات سابقة | B23: رصيد سنوات سابقة | D23: 10253 | F23: رصيد سنوات سابقة | G23: رصيد سنوات سابقة | I23: 15302 | K23: رصيد سنوات سابقة | L23: رصيد سنوات سابقة | N23: 905 | P23: رصيد سنوات سابقة | Q23: رصيد سنوات سابقة | S23: 28688 | U23: رصيد سنوات سابقة | V23: رصيد سنوات سابقة | X23: =S23+N23+I23+D23 -> 55148
A24: اجمالى الرصيد | B24: اجمالى الرصيد | D24: =SUM(D22:D23) -> 18603.818 | F24: اجمالى الرصيد | G24: اجمالى الرصيد | I24: =SUM(I22:I23) -> 20195.543 | K24: اجمالى الرصيد | L24: اجمالى الرصيد | N24: =SUM(N22:N23) -> 14967.811 | P24: اجمالى الرصيد | Q24: اجمالى الرصيد | S24: =SUM(S22:S23) -> 48798.511 | U24: اجمالى الرصيد | V24: اجمالى الرصيد | X24: =S24+N24+I24+D24 -> 102565.68
A25: مديونية السيارة | F25: مديونية السيارة
A26: الاسم | B26: تاريخ المطالبة | C26: رقم المطالبة | D26: المبلغ | F26: الاسم | G26: تاريخ المطالبة | H26: حالة المطالبه | I26: المبلغ
A27: حنين مسلم عايج الحجيلي | B27: 2022 | C27: 401014401054047 | D27: 12390.64 | F27: محمد احمد منور عبدالواحد | G27: 45495 | H27: 401014602263194 | I27: 12160.47
A28: هاني عبدالله محمد عيد الحازمي | B28: 45354 | C28: 401014501960123 | D28: 8580.58
A29: الاجمالى | D29: =SUM(D27:D28) -> 20971.22

Sheet  فهد منيف الحربي
A1: تقرير المستثمر : فهد منيف الحربي ( 31-12-2024 ) | F1: تقرير المستثمر : فهد منيف الحربي ( 31-12-2024 ) | K1: تقرير المستثمر : فهد منيف الحربي ( 31-12-2024 ) | P1: تقرير المستثمر : فهد منيف الحربي ( 31-12-2024 )
A2: نوع السيارة | C2: اتراج 2021 | F2: نوع السيارة | H2: اتراج 2021 | K2: نوع السيارة | M2: اتراج 2021 | P2: نوع السيارة
A3: رقم اللوحة | C3: ر ا ل 7598 | F3: رقم اللوحة | H3: ر ا ل 7597 | K3: رقم اللوحة | M3: ر ا ل 7596 | P3: رقم اللوحة | R3: =C3&" - "&H3&"-"&M3 -> ر ا ل 7598 - ر ا ل 7597-ر ا ل 7596
A5: الحساب | D5: المبلغ | F5: الحساب | I5: المبلغ | K5: الحساب | N5: المبلغ | P5: الحساب | S5: المبلغ
A6: ايراد تشغيل والإصلاحات | D6: 34001.643 | F6: ايراد تشغيل والإصلاحات | I6: 23146.087 | K6: ايراد تشغيل والإصلاحات | N6: 19693.043 | P6: ايراد تشغيل والإصلاحات | S6: =N6+I6+D6 -> 76840.774
A7: تعويض شركات التأمين | D7: 0 | F7: تعويض شركات التأمين | I7: 0 | K7: تعويض شركات التأمين | N7: 0 | P7: تعويض شركات التأمين | S7: =N7+I7+D7 -> 0
A8: إيرادات مديونيات أعوام سابقة | F8: إيرادات مديونيات أعوام سابقة | I8: 1240 | K8: إيرادات مديونيات أعوام سابقة | N8: 0 | P8: إيرادات مديونيات أعوام سابقة | S8: =N8+I8+D8 -> 1240
A9: اجمالي ايراد السيارة | D9: =SUM(D6:D8) -> 34001.643 | F9: اجمالي ايراد السيارة | I9: =SUM(I6:I8) -> 24386.087 | K9: اجمالي ايراد السيارة | N9: =SUM(N6:N8) -> 19693.043 | P9: اجمالي ايراد السيارة | S9: =N9+I9+D9 -> 78080.774
A10: مصاريف نقل +اشتراكات أجهزة التتبع+بنزين +غسيل | D10: 471.39 | F10: مصاريف نقل +اشتراكات أجهزة التتبع+بنزين +غسيل | I10: 414.0001 | K10: مصاريف نقل +اشتراكات أجهزة التتبع+بنزين +غسيل | N10: 184 | P10: مصاريف نقل +اشتراكات أجهزة التتبع+بنزين +غسيل | S10: =N10+I10+D10 -> 1069.3901
A11: مصروف فحص دوري وكرت تشغيل | D11: 100 | F11: مصروف فحص دوري وكرت تشغيل | I11: 133 | K11: مصروف فحص دوري وكرت تشغيل | N11: 100 | P11: مصروف فحص دوري وكرت تشغيل | S11: =N11+I11+D11 -> 333
A12: 2102 عمولات بنكية على المشتريات | D12: 49.16 | F12: 2102 عمولات بنكية على المشتريات | I12: 42.585954 | K12: 2102 عمولات بنكية على المشتريات | N12: 25.2724 | P12: 2102 عمولات بنكية على المشتريات | S12: =N12+I12+D12 -> 117.01835
A13: صيانة السيارات واصلاحات من حوادث | D13: 1509.54 | F13: صيانة السيارات واصلاحات من حوادث | I13: 1445.9 | K13: صيانة السيارات واصلاحات من حوادث | N13: 677.17 | P13: صيانة السيارات واصلاحات من حوادث | S13: =N13+I13+D13 -> 3632.61
A14: مصاريف تأمينات السيارات | D14: 875.91 | F14: مصاريف تأمينات السيارات | I14: 875.91 | K14: مصاريف تأمينات السيارات | N14: 875.91 | P14: مصاريف تأمينات السيارات | S14: =N14+I14+D14 -> 2627.73
A15: مصاريف غيار زيت | D15: 266.09 | F15: مصاريف غيار زيت | I15: 658.04 | K15: مصاريف غيار زيت | N15: 316.09 | P15: مصاريف غيار زيت | S15: =N15+I15+D15 -> 1240.22
A16: مصروفات حكومية | D16: 950 | F16: مصروفات حكومية | I16: 300 | K16: مصروفات حكومية | N16: 450 | P16: مصروفات حكومية | S16: =N16+I16+D16 -> 1700
A17: اجمـالى مصروفات التشغيل | D17: =SUM(D10:D16) -> 4222.09 | F17: اجمـالى مصروفات التشغيل | I17: =SUM(I10:I16) -> 3869.4361 | K17: اجمـالى مصروفات التشغيل | N17: =SUM(N10:N16) -> 2628.4424 | P17: اجمـالى مصروفات التشغيل | S17: =N17+I17+D17 -> 10719.968
A18: صافي الربح/الخسارة | D18: =D9-D17 -> 29779.553 | F18: صافي الربح/الخسارة | I18: =I9-I17 -> 20516.651 | K18: صافي الربح/الخسارة | N18: =N9-N17 -> 17064.601 | P18: صافي الربح/الخسارة | S18: =N18+I18+D18 -> 67360.805
A19: نسبة التشغيل من الإيرادات (30%) | D19: =D18*0.3 -> 8933.866 | F19: نسبة التشغيل من الإيرادات (30%) | I19: =I18*0.3 -> 6154.9953 | K19: نسبة التشغيل من الإيرادات (30%) | N19: =N18*0.3 -> 5119.3803 | P19: نسبة التشغيل من الإيرادات (30%) | S19: =N19+I19+D19 -> 20208.242
A20: نسبة الربح من الإيرادات (70%) | D20: =D18-D19 -> 20845.687 | F20: نسبة الربح من الإيرادات (70%) | I20: =I18-I19 -> 14361.656 | K20: نسبة الربح من الإيرادات (70%) | N20: =N18-N19 -> 11945.221 | P20: نسبة الربح من الإيرادات (70%) | S20: =N20+I20+D20 -> 47152.564
A21: ما تم سحبه من قبل المستمر | F21: ما تم سحبه من قبل المستمر | K21: ما تم سحبه من قبل المستمر | P21: ما تم سحبه من قبل المستمر | S21: =N21+I21+D21 -> 0
A22: المتبقي | D22: =D20-D21 -> 20845.687 | F22: المتبقي | I22: =I20-I21 -> 14361.656 | K22: المتبقي | N22: =N20-N21 -> 11945.221 | P22: المتبقي | S22: =N22+I22+D22 -> 47152.564
A23: رصيد سنوات سابقة | B23: رصيد سنوات سابقة | D23: 20119 | F23: رصيد سنوات سابقة | G23: رصيد سنوات سابقة | I23: 15492 | K23: رصيد سنوات سابقة | L23: رصيد سنوات سابقة | N23: 10423 | P23: رصيد سنوات سابقة | Q23: رصيد سنوات سابقة | S23: =N23+I23+D23 -> 46034
A24: اجمالى الرصيد | B24: اجمالى الرصيد | D24: =SUM(D22:D23) -> 40964.687 | F24: اجمالى الرصيد | G24: اجمالى الرصيد | I24: =SUM(I22:I23) -> 29853.656 | K24: اجمالى الرصيد | L24: اجمالى الرصيد | N24: =SUM(N22:N23) -> 22368.221 | P24: اجمالى الرصيد | Q24: اجمالى الرصيد | S24: =N24+I24+D24 -> 93186.564
F25: مديونية السيارة
F26: الاسم | G26: تاريخ المطالبة | H26: رقم المطالبه | I26: المبلغ
F27: محمد علي عبدالمنعم محمد علي التوم | G27: 2022 | H27: المتابعة مع الشئون القانونية | I27: 1999.67
F28: رزق رمضان عبدالغفار | G28: 45024 | H28: 401014401324396 | I28: 16576.5
F29: الإجمالي | I29: =SUM(I27:I28) -> 18576.17

Sheet  بدور عبيد الله العوفي 
A1: تقرير المستثمر : بدور عبيد الله العوفي ( 31-12-2024 )
A2: نوع السيارة | C2: اتراج 2021
A3: رقم اللوحة | C3: ر ا ل 7517
A5: الحساب | D5: المبلغ
A6: ايراد تشغيل والإصلاحات | D6: 17975.652
A7: تعويض شركات التأمين | D7: 0
A8: إيرادات مديونيات أعوام سابقة | D8: 0
A9: اجمالي ايراد السيارة | D9: =SUM(D6:D8) -> 17975.652
A10: مصاريف نقل +اشتراكات أجهزة التتبع+بنزين +غسيل | D10: 294
A11: مصروف فحص دوري وكرت تشغيل | D11: 100
A12: 2102 عمولات بنكية على المشتريات | D12: 84.67844
A13: صيانة السيارات واصلاحات من حوادث | D13: 1267.74
A14: مصاريف تأمينات السيارات | D14: 875.91
A15: مصاريف غيار زيت | D15: 607.84
A16: مصروفات حكومية | D16: 300
A17: اجمـالى مصروفات التشغيل | D17: =SUM(D10:D16) -> 3530.1684
A18: صافي الربح/الخسارة | D18: =D9-D17 -> 14445.484
A19: نسبة التشغيل من الإيرادات (30%) | D19: =D18*0.3 -> 4333.6451
A20: نسبة الربح من الإيرادات (70%) | D20: =D18-D19 -> 10111.839
A21: ما تم سحبه من قبل المستمر
A22: المتبقي | D22: =D20-D21 -> 10111.839
A23: رصيد سنوات سابقة | B23: رصيد سنوات سابقة | D23: 0
A24: اجمالى الرصيد | B24: اجمالى الرصيد | D24: =SUM(D22:D23) -> 10111.839

Sheet عبدالرحمن محمد خضر الصاعدي
A1: تقرير المستثمر : عبدالرحمن محمد خضر الصاعدي ( 31-12-2024 )
A2: نوع السيارة | C2: كامري 2023
A3: رقم اللوحة | C3: ر ر س 6426
A5: الحساب | D5: المبلغ
A6: ايراد تشغيل والإصلاحات | D6: 28027.687
A7: تعويض شركات التأمين | D7: 0
A8: إيرادات مديونيات أعوام سابقة | D8: 0
A9: اجمالي ايراد السيارة | D9: =SUM(D6:D8) -> 28027.687
A10: مصاريف نقل +اشتراكات أجهزة التتبع+بنزين +غسيل | D10: 338.99
A11: مصروف فحص دوري وكرت تشغيل | D11: 0
A12: 2102 عمولات بنكية على المشتريات | D12: 201.42956
A13: صيانة السيارات واصلاحات من حوادث | D13: 600.0025
A14: مصاريف تأمينات السيارات | D14: 1094.982
A15: مصاريف غيار زيت | D15: 951.51
A16: مصروفات حكومية | D16: 0
A17: اجمـالى مصروفات التشغيل | D17: =SUM(D10:D16) -> 3186.9141
A18: صافي الربح/الخسارة | D18: =D9-D17 -> 24840.773
A19: نسبة التشغيل من الإيرادات (30%) | D19: =D18*0.3 -> 7452.2319
A20: نسبة الربح من الإيرادات (70%) | D20: =D18-D19 -> 17388.541
A21: ما تم سحبه من قبل المستمر
A22: المتبقي | D22: =D20-D21 -> 17388.541
A23: رصيد سنوات سابقة | B23: رصيد سنوات سابقة | D23: 0
A24: اجمالى الرصيد | B24: اجمالى الرصيد | D24: =SUM(D22:D23) -> 17388.541
A25: مديونية السيارة
A26: الاسم | B26: تاريخ المطالبه | C26: رقم المطالبة | D26: مبلغ المديونية
A27: محمد احمد | B27: 45608 | C27: 401014602587966 | D27: 12803.3

Sheet  سعيد سلطان الشهراني
A1: تقرير المستثمر : سعيد سلطان الشهراني ( 31-12-2024 )
A2: نوع السيارة | C2: يارس 2023
A3: رقم اللوحة | C3: ر ر س 6219
A5: الحساب | D5: المبلغ
A6: ايراد تشغيل والإصلاحات | D6: 28113.843
A7: تعويض شركات التأمين | D7: 0
A8: إيرادات مديونيات أعوام سابقة | D8: 0
A9: اجمالي ايراد السيارة | D9: =SUM(D6:D8) -> 28113.843
A10: مصاريف نقل +اشتراكات أجهزة التتبع+بنزين +غسيل | D10: 201.39
A11: مصروف فحص دوري وكرت تشغيل | D11: 0
A12: 2102 عمولات بنكية على المشتريات | D12: 200.68554
A13: صيانة السيارات واصلاحات من حوادث | D13: 70
A14: مصاريف تأمينات السيارات | D14: 875.914
A15: مصاريف غيار زيت | D15: 656.08
A16: مصروفات حكومية | D16: 0
A17: اجمـالى مصروفات التشغيل | D17: =SUM(D10:D16) -> 2004.0695
A18: صافي الربح/الخسارة | D18: =D9-D17 -> 26109.774
A19: نسبة التشغيل من الإيرادات (30%) | D19: =D18*0.3 -> 7832.9322
A20: نسبة الربح من الإيرادات (70%) | D20: =D18-D19 -> 18276.842
A21: ما تم سحبه من قبل المستمر | D21: 6000
A22: المتبقي | D22: =D20-D21 -> 12276.842
A23: رصيد سنوات سابقة | B23: رصيد سنوات سابقة | D23: 0
A24: اجمالى الرصيد | B24: اجمالى الرصيد | D24: =SUM(D22:D23) -> 12276.842

Sheet غيث العوفي
A1: تقرير المستثمر : غيث العوفي ( 31-12-2024 ) | F1: تقرير المستثمر : غيث العوفي ( 31-12-2024 ) | K1: تقرير المستثمر : غيث العوفي ( 31-12-2024 )
A2: نوع السيارة | C2: بيجاس 2023 | F2: نوع السيارة | H2: هوينداي I 10 -2024 | K2: نوع السيارة
A3: رقم اللوحة | C3: ر ر س 5490 | F3: رقم اللوحة | H3: ر ك س 3571 | K3: رقم اللوحة | M3: =C3&" - "&H3 -> ر ر س 5490 - ر ك س 3571
H4: تاريخ الإضافة 21-4-2024
A5: الحساب | D5: المبلغ | F5: الحساب | I5: المبلغ | K5: الحساب | N5: المبلغ
A6: ايراد تشغيل والإصلاحات | D6: 25738.261 | F6: ايراد تشغيل والإصلاحات | I6: 12815.983 | K6: ايراد تشغيل والإصلاحات | N6: =D6+I6 -> 38554.243
A7: تعويض شركات التأمين | D7: 0 | F7: تعويض شركات التأمين | I7: 0 | K7: تعويض شركات التأمين | N7: =D7+I7 -> 0
A8: إيرادات مديونيات أعوام سابقة | F8: إيرادات مديونيات أعوام سابقة | K8: إيرادات مديونيات أعوام سابقة | N8: =D8+I8 -> 0
A9: اجمالي ايراد السيارة | D9: =SUM(D6:D8) -> 25738.261 | F9: اجمالي ايراد السيارة | I9: =SUM(I6:I8) -> 12815.983 | K9: اجمالي ايراد السيارة | N9: =D9+I9 -> 38554.243
A10: مصاريف نقل +اشتراكات أجهزة التتبع+بنزين +غسيل | D10: 184 | F10: مصاريف نقل +اشتراكات أجهزة التتبع+بنزين +غسيل | I10: 86 | K10: مصاريف نقل +اشتراكات أجهزة التتبع+بنزين +غسيل | N10: =D10+I10 -> 270
A11: مصروف فحص دوري وكرت تشغيل | D11: 0 | F11: مصروف فحص دوري وكرت تشغيل | I11: 0 | K11: مصروف فحص دوري وكرت تشغيل | N11: =D11+I11 -> 0
A12: 2102 عمولات بنكية على المشتريات | D12: 108.65763 | F12: 2102 عمولات بنكية على المشتريات | I12: 200.77 | K12: 2102 عمولات بنكية على المشتريات | N12: =D12+I12 -> 309.42763
A13: صيانة السيارات واصلاحات من حوادث | D13: 602.07 | F13: صيانة السيارات واصلاحات من حوادث | I13: 726.09 | K13: صيانة السيارات واصلاحات من حوادث | N13: =D13+I13 -> 1328.16
A14: مصاريف تأمينات السيارات | D14: 875.914 | F14: مصاريف تأمينات السيارات | I14: 875.91 | K14: مصاريف تأمينات السيارات | N14: =D14+I14 -> 1751.824
A15: مصاريف غيار زيت | D15: 469.14 | F15: مصاريف غيار زيت | I15: 240 | K15: مصاريف غيار زيت | N15: =D15+I15 -> 709.14
A16: مصروفات حكومية | D16: 0 | F16: مصروفات حكومية | I16: 172.5 | K16: مصروفات حكومية | N16: =D16+I16 -> 172.5
A17: اجمـالى مصروفات التشغيل | D17: =SUM(D10:D16) -> 2239.7816 | F17: اجمـالى مصروفات التشغيل | I17: =SUM(I10:I16) -> 2301.27 | K17: اجمـالى مصروفات التشغيل | N17: =D17+I17 -> 4541.0516
A18: صافي الربح/الخسارة | D18: =D9-D17 -> 23498.479 | F18: صافي الربح/الخسارة | I18: =I9-I17 -> 10514.713 | K18: صافي الربح/الخسارة | N18: =D18+I18 -> 34013.192
A19: نسبة التشغيل من الإيرادات (30%) | D19: =D18*0.3 -> 7049.5438 | F19: نسبة التشغيل من الإيرادات (30%) | I19: =I18*0.3 -> 3154.4138 | K19: نسبة التشغيل من الإيرادات (30%) | N19: =D19+I19 -> 10203.958
A20: نسبة الربح من الإيرادات (70%) | D20: =D18-D19 -> 16448.935 | F20: نسبة الربح من الإيرادات (70%) | I20: =I18-I19 -> 7360.2988 | K20: نسبة الربح من الإيرادات (70%) | N20: =D20+I20 -> 23809.234
A21: ما تم سحبه من قبل المستمر | F21: ما تم سحبه من قبل المستمر | K21: ما تم سحبه من قبل المستمر | N21: =D21+I21 -> 0
A22: المتبقي | D22: =D20-D21 -> 16448.935 | F22: المتبقي | I22: =I20-I21 -> 7360.2988 | K22: المتبقي | N22: =D22+I22 -> 23809.234
A23: رصيد سنوات سابقة | B23: رصيد سنوات سابقة | D23: 9969 | F23: رصيد سنوات سابقة | G23: رصيد سنوات سابقة | I23: 0 | K23: رصيد سنوات سابقة | L23: رصيد سنوات سابقة | N23: =D23+I23 -> 9969
A24: اجمالى الرصيد | B24: اجمالى الرصيد | D24: =SUM(D22:D23) -> 26417.935 | F24: اجمالى الرصيد | G24: اجمالى الرصيد | I24: =SUM(I22:I23) -> 7360.2988 | K24: اجمالى الرصيد | L24: اجمالى الرصيد | N24: =D24+I24 -> 33778.234

Sheet غلا العوفي
A1: تقرير المستثمر : غلا العوفي ( 31-12-2024 ) | F1: تقرير المستثمر : غلا العوفي ( 31-12-2024 ) | K1: تقرير المستثمر : غلا العوفي ( 31-12-2024 )
A2: نوع السيارة | C2: بيجاس 2023 | F2: نوع السيارة | H2: هوينداي I10-2024 | K2: نوع السيارة
A3: رقم اللوحة | C3: ر ر س5489 | F3: رقم اللوحة | H3: ر ك س 3494 | K3: رقم اللوحة | M3: =H3&" - "&C3 -> ر ك س 3494 - ر ر س5489
H4: تاريخ الإضافة 21-4-2024
A5: الحساب | D5: المبلغ | F5: الحساب | I5: المبلغ | K5: الحساب | N5: المبلغ
A6: ايراد تشغيل والإصلاحات | D6: 21994.774 | F6: ايراد تشغيل والإصلاحات | I6: 5482.887 | K6: ايراد تشغيل والإصلاحات | N6: =D6+I6 -> 27477.661
A7: تعويض شركات التأمين | D7: 0 | F7: تعويض شركات التأمين | I7: 0 | K7: تعويض شركات التأمين | N7: =D7+I7 -> 0
A8: إيرادات مديونيات أعوام سابقة | F8: إيرادات مديونيات أعوام سابقة | K8: إيرادات مديونيات أعوام سابقة | N8: =D8+I8 -> 0
A9: اجمالي ايراد السيارة | D9: =SUM(D6:D8) -> 21994.774 | F9: اجمالي ايراد السيارة | I9: =SUM(I6:I8) -> 5482.887 | K9: اجمالي ايراد السيارة | N9: =D9+I9 -> 27477.661
A10: مصاريف نقل +اشتراكات أجهزة التتبع+بنزين +غسيل | D10: 184 | F10: مصاريف نقل +اشتراكات أجهزة التتبع+بنزين +غسيل | I10: 396 | K10: مصاريف نقل +اشتراكات أجهزة التتبع+بنزين +غسيل | N10: =D10+I10 -> 580
A11: مصروف فحص دوري وكرت تشغيل | D11: 0 | F11: مصروف فحص دوري وكرت تشغيل | I11: 0 | K11: مصروف فحص دوري وكرت تشغيل | N11: =D11+I11 -> 0
A12: 2102 عمولات بنكية على المشتريات | D12: 169.60969 | F12: 2102 عمولات بنكية على المشتريات | I12: 39.284369 | K12: 2102 عمولات بنكية على المشتريات | N12: =D12+I12 -> 208.89406
A13: صيانة السيارات واصلاحات من حوادث | D13: 434.78 | F13: صيانة السيارات واصلاحات من حوادث | I13: 200 | K13: صيانة السيارات واصلاحات من حوادث | N13: =D13+I13 -> 634.78
A14: مصاريف تأمينات السيارات | D14: 875.914 | F14: مصاريف تأمينات السيارات | I14: 875.91 | K14: مصاريف تأمينات السيارات | N14: =D14+I14 -> 1751.824
A15: مصاريف غيار زيت | D15: 749.35 | F15: مصاريف غيار زيت | I15: 0 | K15: مصاريف غيار زيت | N15: =D15+I15 -> 749.35
A16: مصروفات حكومية | D16: 0 | F16: مصروفات حكومية | I16: 0 | K16: مصروفات حكومية | N16: =D16+I16 -> 0
A17: اجمـالى مصروفات التشغيل | D17: =SUM(D10:D16) -> 2413.6537 | F17: اجمـالى مصروفات التشغيل | I17: =SUM(I10:I16) -> 1511.1944 | K17: اجمـالى مصروفات التشغيل | N17: =D17+I17 -> 3924.8481
A18: صافي الربح/الخسارة | D18: =D9-D17 -> 19581.12 | F18: صافي الربح/الخسارة | I18: =I9-I17 -> 3971.6926 | K18: صافي الربح/الخسارة | N18: =D18+I18 -> 23552.813
A19: نسبة التشغيل من الإيرادات (30%) | D19: =D18*0.3 -> 5874.3361 | F19: نسبة التشغيل من الإيرادات (30%) | I19: =I18*0.3 -> 1191.5078 | K19: نسبة التشغيل من الإيرادات (30%) | N19: =D19+I19 -> 7065.8438
A20: نسبة الربح من الإيرادات (70%) | D20: =D18-D19 -> 13706.784 | F20: نسبة الربح من الإيرادات (70%) | I20: =I18-I19 -> 2780.1848 | K20: نسبة الربح من الإيرادات (70%) | N20: =D20+I20 -> 16486.969
A21: ما تم سحبه من قبل المستمر | F21: ما تم سحبه من قبل المستمر | K21: ما تم سحبه من قبل المستمر | N21: =D21+I21 -> 0
A22: المتبقي | D22: =D20-D21 -> 13706.784 | F22: المتبقي | I22: =I20-I21 -> 2780.1848 | K22: المتبقي | N22: =D22+I22 -> 16486.969
A23: رصيد سنوات سابقة | B23: رصيد سنوات سابقة | D23: 9457 | F23: رصيد سنوات سابقة | G23: رصيد سنوات سابقة | I23: 0 | K23: رصيد سنوات سابقة | L23: رصيد سنوات سابقة | N23: =D23+I23 -> 9457
A24: اجمالى الرصيد | B24: اجمالى الرصيد | D24: =SUM(D22:D23) -> 23163.784 | F24: اجمالى الرصيد | G24: اجمالى الرصيد | I24: =SUM(I22:I23) -> 2780.1848 | K24: اجمالى الرصيد | L24: اجمالى الرصيد | N24: =D24+I24 -> 25943.969
F25: مديونية السيارة
F26: الاسم | G26: تاريخ المطالبه | H26: رقم المطالبة | I26: مبلغ المديونية
F27: الفضل محمد محمود سيد ياتي | G27: 45563 | H27: 401014602450308 | I27: 3481.5

Sheet حنان حمدان
A1: تقرير المستثمر : حنان حمدان ( 31-12-2024 )
A2: نوع السيارة | C2: بيجاس 2023
A3: رقم اللوحة | C3: ر ر س 5465
A5: الحساب | D5: المبلغ
A6: ايراد تشغيل والإصلاحات | D6: 22259.565
A7: تعويض شركات التأمين | D7: 0
A8: إيرادات مديونيات أعوام سابقة | D8: 0
A9: اجمالي ايراد السيارة | D9: =SUM(D6:D8) -> 22259.565
A10: مصاريف نقل +اشتراكات أجهزة التتبع+بنزين +غسيل | D10: 384.0001
A11: مصروف فحص دوري وكرت تشغيل | D11: 0
A12: 2102 عمولات بنكية على المشتريات | D12: 159.3666
A13: صيانة السيارات واصلاحات من حوادث | D13: 0
A14: مصاريف تأمينات السيارات | D14: 875.914
A15: مصاريف غيار زيت | D15: 673.47
A16: مصروفات حكومية | D16: 0
A17: اجمـالى مصروفات التشغيل | D17: =SUM(D10:D16) -> 2092.7507
A18: صافي الربح/الخسارة | D18: =D9-D17 -> 20166.815
A19: نسبة التشغيل من الإيرادات (30%) | D19: =D18*0.3 -> 6050.0444
A20: نسبة الربح من الإيرادات (70%) | D20: =D18-D19 -> 14116.77
A21: ما تم سحبه من قبل المستمر | D21: 0
A22: المتبقي | D22: =D20-D21 -> 14116.77
A23: رصيد سنوات سابقة | B23: رصيد سنوات سابقة | D23: 13693
A24: اجمالى الرصيد | B24: اجمالى الرصيد | D24: =SUM(D22:D23) -> 27809.77

Sheet ابو غلا + أبو لانا
A1: تقرير المستثمر : ابو غلا + أبو لانا ( 31-12-2024 ) | F1: تقرير المستثمر : ابو غلا + أبو لانا ( 31-12-2024 ) | K1: تقرير المستثمر : ابو غلا + أبو لانا ( 31-12-2024 )
A2: نوع السيارة | C2: سوناتا 2023 | F2: نوع السيارة | H2: كامري ابيض 2021 | K2: نوع السيارة | M2: =H2&" - "&C2 -> كامري ابيض 2021 - سوناتا 2023
A3: رقم اللوحة | C3: ر ح ر 5459 | F3: رقم اللوحة | H3: 2065 د ه و | K3: رقم اللوحة | M3: =C3&"-"&H3 -> ر ح ر 5459-2065 د ه و
A5: الحساب | D5: المبلغ | F5: الحساب | I5: المبلغ | K5: الحساب | N5: المبلغ
A6: ايراد تشغيل والإصلاحات | D6: 20590.904 | F6: ايراد تشغيل والإصلاحات | I6: 39525.539 | K6: ايراد تشغيل والإصلاحات | N6: =D6+I6 -> 60116.443
A7: تعويض شركات التأمين | D7: 0 | F7: تعويض شركات التأمين | I7: 0 | K7: تعويض شركات التأمين | N7: =D7+I7 -> 0
A8: إيرادات مديونيات أعوام سابقة | D8: 0 | F8: إيرادات مديونيات أعوام سابقة | I8: 0 | K8: إيرادات مديونيات أعوام سابقة | N8: =D8+I8 -> 0
A9: اجمالي ايراد السيارة | D9: =SUM(D6:D8) -> 20590.904 | F9: اجمالي ايراد السيارة | I9: =SUM(I6:I8) -> 39525.539 | K9: اجمالي ايراد السيارة | N9: =D9+I9 -> 60116.443
A10: مصاريف نقل +اشتراكات أجهزة التتبع+بنزين +غسيل | D10: 851.0001 | F10: مصاريف نقل +اشتراكات أجهزة التتبع+بنزين +غسيل | I10: 214 | K10: مصاريف نقل +اشتراكات أجهزة التتبع+بنزين +غسيل | N10: =D10+I10 -> 1065.0001
A11: مصروف فحص دوري وكرت تشغيل | D11: 100 | F11: مصروف فحص دوري وكرت تشغيل | I11: 0 | K11: مصروف فحص دوري وكرت تشغيل | N11: =D11+I11 -> 100
A12: 2102 عمولات بنكية على المشتريات | D12: 284.8247 | F12: 2102 عمولات بنكية على المشتريات | I12: 230.60119 | K12: 2102 عمولات بنكية على المشتريات | N12: =D12+I12 -> 515.42589
A13: صيانة السيارات واصلاحات من حوادث | D13: 998.04 | F13: صيانة السيارات واصلاحات من حوادث | I13: 1586.53 | K13: صيانة السيارات واصلاحات من حوادث | N13: =D13+I13 -> 2584.57
A14: مصاريف تأمينات السيارات | D14: 908.656 | F14: مصاريف تأمينات السيارات | I14: 875.91 | K14: مصاريف تأمينات السيارات | N14: =D14+I14 -> 1784.566
A15: مصاريف غيار زيت | D15: 645.86 | F15: مصاريف غيار زيت | I15: 842.79 | K15: مصاريف غيار زيت | N15: =D15+I15 -> 1488.65
A16: مصروفات حكومية | D16: 225 | F16: مصروفات حكومية | I16: 300 | K16: مصروفات حكومية | N16: =D16+I16 -> 525
A17: اجمـالى مصروفات التشغيل | D17: =SUM(D10:D16) -> 4013.3808 | F17: اجمـالى مصروفات التشغيل | I17: =SUM(I10:I16) -> 4049.8312 | K17: اجمـالى مصروفات التشغيل | N17: =D17+I17 -> 8063.212
A18: صافي الربح/الخسارة | D18: =D9-D17 -> 16577.524 | F18: صافي الربح/الخسارة | I18: =I9-I17 -> 35475.708 | K18: صافي الربح/الخسارة | N18: =D18+I18 -> 52053.231
A19: نسبة التشغيل من الإيرادات (30%) | D19: =D18*0.3 -> 4973.2571 | F19: نسبة التشغيل من الإيرادات (30%) | I19: =I18*0.3 -> 10642.712 | K19: نسبة التشغيل من الإيرادات (30%) | N19: =D19+I19 -> 15615.969
A20: نسبة الربح من الإيرادات (70%) | D20: =D18-D19 -> 11604.266 | F20: نسبة الربح من الإيرادات (70%) | I20: =I18-I19 -> 24832.996 | K20: نسبة الربح من الإيرادات (70%) | N20: =D20+I20 -> 36437.262
A21: ما تم سحبه من قبل المستمر | F21: ما تم سحبه من قبل المستمر | K21: ما تم سحبه من قبل المستمر | N21: =D21+I21 -> 0
A22: المتبقي | D22: =D20-D21 -> 11604.266 | F22: المتبقي | I22: =I20-I21 -> 24832.996 | K22: المتبقي | N22: =D22+I22 -> 36437.262
A23: رصيد سنوات سابقة | B23: رصيد سنوات سابقة | D23: 24692 | F23: رصيد سنوات سابقة | G23: رصيد سنوات سابقة | I23: 50327 | K23: رصيد سنوات سابقة | L23: رصيد سنوات سابقة | N23: =D23+I23 -> 75019
A24: اجمالى الرصيد | B24: اجمالى الرصيد | D24: =SUM(D22:D23) -> 36296.266 | F24: اجمالى الرصيد | G24: اجمالى الرصيد | I24: =SUM(I22:I23) -> 75159.996 | K24: اجمالى الرصيد | L24: اجمالى الرصيد | N24: =D24+I24 -> 111456.26
A25: مديونية السيارة | F25: مديونية السيارة
A26: الاسم | B26: تاريخ المطالبة | C26: رقم المطالبه | D26: المبلغ | F26: الاسم | G26: تاريخ المطالبة | H26: رقم المطالبه | I26: المبلغ
A27: خالد صلحي عاطي العجبه الذبياني | B27: 44843 | C27: 401014400996316 | D27: 8821.46 | F27: عايض سلمان حاد العنزي | G27: 44843 | H27: 401014400996408 | I27: 14933.97
A28: موده طاهر محمد صلاح | B28: 2024 | C28: المتابعة مع الشئئون القانونية | D28: 745.22 | F28: فيصل هليل سالم المهيمزي الرشيدي | G28: 44920 | H28: 401014401138171 | I28: 7103
A29: منير طالب علي | B29: 45637 | C29: 401014602669885 | D29: 15499.63 | F29: الإجمالي | I29: =I27+I28 -> 22036.97
A30: الإجمالي | D30: =SUM(D27:D29) -> 25066.31

Sheet عبدالرحمن حمدان العوفي
A1: تقرير المستثمر : عبدالرحمن حمدان العوفي ( 31-12-2024 )
A2: نوع السيارة | C2: لكزس 2022
A3: رقم اللوحة | C3: ر ح س 5573
A5: الحساب | D5: المبلغ
A6: ايراد تشغيل والإصلاحات | D6: 47750.435
A7: تعويض شركات التأمين | D7: 0
A8: إيرادات مديونيات أعوام سابقة | D8: 0
A9: اجمالي ايراد السيارة | D9: =SUM(D6:D8) -> 47750.435
A10: مصاريف نقل +اشتراكات أجهزة التتبع+بنزين +غسيل | D10: 184
A11: مصروف فحص دوري وكرت تشغيل | D11: 0
A12: 2102 عمولات بنكية على المشتريات | D12: 213.50006
A13: صيانة السيارات واصلاحات من حوادث | D13: 2383.7
A14: مصاريف تأمينات السيارات | D14: 2553.74
A15: مصاريف غيار زيت | D15: 711.53
A16: مصروفات حكومية | D16: 851
A17: اجمـالى مصروفات التشغيل | D17: =SUM(D10:D16) -> 6897.4701
A18: صافي الربح/الخسارة | D18: =D9-D17 -> 40852.965
A19: نسبة التشغيل من الإيرادات (30%) | D19: =D18*0.3 -> 12255.889
A20: نسبة الربح من الإيرادات (70%) | D20: =D18-D19 -> 28597.075
A21: ما تم سحبه من قبل المستمر | D21: 0
A22: المتبقي | D22: =D20-D21 -> 28597.075
A23: رصيد سنوات سابقة | B23: رصيد سنوات سابقة | D23: -3146.829
A24: اجمالى الرصيد | B24: اجمالى الرصيد | D24: =SUM(D22:D23) -> 25450.246
A25: مديونية السيارة
A26: الاسم | B26: تاريخ المطالبه | C26: رقم المطالبة | D26: مبلغ المديونية
A27: خالد سالم احمد السعدي الزهراني | B27: 45662 | C27: 401014602757213 | D27: 20212.8

Sheet رايد حمدان العلوني الجهني
A1: تقرير المستثمر : رايد حمدان العلوني الجهني ( 31-12-2024 )
A2: نوع السيارة | C2: كيا بيجاس 2024
A3: رقم اللوحة | C3: ر ع ي 2925
A5: الحساب | D5: المبلغ
A6: ايراد تشغيل والإصلاحات | D6: 18060.435
A7: تعويض شركات التأمين | D7: 0
A8: إيرادات مديونيات أعوام سابقة | D8: 0
A9: اجمالي ايراد السيارة | D9: =SUM(D6:D8) -> 18060.435
A10: مصاريف نقل +اشتراكات أجهزة التتبع+بنزين +غسيل | D10: 238.78
A11: مصروف فحص دوري وكرت تشغيل | D11: 0
A12: 2102 عمولات بنكية على المشتريات | D12: 142.45311
A13: صيانة السيارات واصلاحات من حوادث | D13: 108.7
A14: مصاريف تأمينات السيارات | D14: 875.91
A15: مصاريف غيار زيت | D15: 360
A16: مصروفات حكومية | D16: 0
A17: اجمـالى مصروفات التشغيل | D17: =SUM(D10:D16) -> 1725.8431
A18: صافي الربح/الخسارة | D18: =D9-D17 -> 16334.592
A19: نسبة التشغيل من الإيرادات (30%) | D19: =D18*0.3 -> 4900.3775
A20: نسبة الربح من الإيرادات (70%) | D20: =D18-D19 -> 11434.214
A21: ما تم سحبه من قبل المستمر | D21: 0
A22: المتبقي | D22: =D20-D21 -> 11434.214
A23: رصيد سنوات سابقة | B23: رصيد سنوات سابقة | D23: 0
A24: اجمالى الرصيد | B24: اجمالى الرصيد | D24: =SUM(D22:D23) -> 11434.214

Sheet ماطر ناير راشد العلواني الجهني
A1: تقرير المستثمر : ماطر ناير راشد العلوني الجهني ( 31-12-2024 )
A2: نوع السيارة | C2: تويوتا يارس 2024
A3: رقم اللوحة | C3: ر ق و 3381
A5: الحساب | D5: المبلغ
A6: ايراد تشغيل والإصلاحات | D6: 17792.165
A7: تعويض شركات التأمين | D7: 0
A8: إيرادات مديونيات أعوام سابقة | D8: 0
A9: اجمالي ايراد السيارة | D9: =SUM(D6:D8) -> 17792.165
A10: مصاريف نقل +اشتراكات أجهزة التتبع+بنزين +غسيل | D10: 46
A11: مصروف فحص دوري وكرت تشغيل | D11: 0
A12: 2102 عمولات بنكية على المشتريات | D12: 154.20681
A13: صيانة السيارات واصلاحات من حوادث | D13: 434.78
A14: مصاريف تأمينات السيارات | D14: 875.91
A15: مصاريف غيار زيت | D15: 415.76
A16: مصروفات حكومية | D16: 0
A17: اجمـالى مصروفات التشغيل | D17: =SUM(D10:D16) -> 1926.6568
A18: صافي الربح/الخسارة | D18: =D9-D17 -> 15865.508
A19: نسبة التشغيل من الإيرادات (30%) | D19: =D18*0.3 -> 4759.6525
A20: نسبة الربح من الإيرادات (70%) | D20: =D18-D19 -> 11105.856
A21: ما تم سحبه من قبل المستمر | D21: 0
A22: المتبقي | D22: =D20-D21 -> 11105.856
A23: رصيد سنوات سابقة | B23: رصيد سنوات سابقة | D23: 0
A24: اجمالى الرصيد | B24: اجمالى الرصيد | D24: =SUM(D22:D23) -> 11105.856

Sheet ملك عبدالرحمن العوفى
A1: تقرير المستثمر : ملك عبدالرحمن العوفى ( 31-12-2024 ) | F1: تقرير المستثمر : ملك عبدالرحمن العوفى ( 31-12-2024 ) | K1: تقرير المستثمر : ملك عبدالرحمن العوفى ( 31-12-2024 )
A2: نوع السيارة | C2: Hyundai I 10 -2024 | F2: نوع السيارة | H2: Hyundai I 10 -2024 | K2: نوع السيارة
A3: رقم اللوحة | C3: ر ك س 3495 | F3: رقم اللوحة | H3: ر ك س 3568 | K3: رقم اللوحة | M3: =H3&" - " &C3 -> ر ك س 3568 - ر ك س 3495
C4: تاريخ الإضافة | D4: 45403 | H4: تاريخ الإضافة | I4: 45412
A5: الحساب | D5: المبلغ | F5: الحساب | I5: المبلغ | K5: الحساب | N5: المبلغ
A6: ايراد تشغيل والإصلاحات | D6: 16094.843 | F6: ايراد تشغيل والإصلاحات | I6: 15024.93 | K6: ايراد تشغيل والإصلاحات | N6: =I6+D6 -> 31119.774
A7: تعويض شركات التأمين | D7: 0 | F7: تعويض شركات التأمين | I7: 0 | K7: تعويض شركات التأمين | N7: =I7+D7 -> 0
A8: إيرادات مديونيات أعوام سابقة | D8: 0 | F8: إيرادات مديونيات أعوام سابقة | I8: 0 | K8: إيرادات مديونيات أعوام سابقة | N8: =I8+D8 -> 0
A9: اجمالي ايراد السيارة | D9: =SUM(D6:D8) -> 16094.843 | F9: اجمالي ايراد السيارة | I9: =SUM(I6:I8) -> 15024.93 | K9: اجمالي ايراد السيارة | N9: =I9+D9 -> 31119.774
A10: مصاريف نقل +اشتراكات أجهزة التتبع+بنزين +غسيل | D10: 63.39 | F10: مصاريف نقل +اشتراكات أجهزة التتبع+بنزين +غسيل | I10: 46 | K10: مصاريف نقل +اشتراكات أجهزة التتبع+بنزين +غسيل | N10: =I10+D10 -> 109.39
A11: مصروف فحص دوري وكرت تشغيل | D11: 0 | F11: مصروف فحص دوري وكرت تشغيل | I11: 0 | K11: مصروف فحص دوري وكرت تشغيل | N11: =I11+D11 -> 0
A12: 2102 عمولات بنكية على المشتريات | D12: 141.47601 | F12: 2102 عمولات بنكية على المشتريات | I12: 117.37999 | K12: 2102 عمولات بنكية على المشتريات | N12: =I12+D12 -> 258.856
A13: صيانة السيارات واصلاحات من حوادث | D13: 0 | F13: صيانة السيارات واصلاحات من حوادث | I13: 0 | K13: صيانة السيارات واصلاحات من حوادث | N13: =I13+D13 -> 0
A14: مصاريف تأمينات السيارات | D14: 875.91 | F14: مصاريف تأمينات السيارات | I14: 875.91 | K14: مصاريف تأمينات السيارات | N14: =I14+D14 -> 1751.82
A15: مصاريف غيار زيت | D15: 240 | F15: مصاريف غيار زيت | I15: 375 | K15: مصاريف غيار زيت | N15: =I15+D15 -> 615
A16: مصروفات حكومية | D16: 0 | F16: مصروفات حكومية | I16: 0 | K16: مصروفات حكومية | N16: =I16+D16 -> 0
A17: اجمـالى مصروفات التشغيل | D17: =SUM(D10:D16) -> 1320.776 | F17: اجمـالى مصروفات التشغيل | I17: =SUM(I10:I16) -> 1414.29 | K17: اجمـالى مصروفات التشغيل | N17: =I17+D17 -> 2735.066
A18: صافي الربح/الخسارة | D18: =D9-D17 -> 14774.067 | F18: صافي الربح/الخسارة | I18: =I9-I17 -> 13610.64 | K18: صافي الربح/الخسارة | N18: =I18+D18 -> 28384.708
A19: نسبة التشغيل من الإيرادات (30%) | D19: =D18*0.3 -> 4432.2202 | F19: نسبة التشغيل من الإيرادات (30%) | I19: =I18*0.3 -> 4083.1921 | K19: نسبة التشغيل من الإيرادات (30%) | N19: =I19+D19 -> 8515.4124
A20: نسبة الربح من الإيرادات (70%) | D20: =D18-D19 -> 10341.847 | F20: نسبة الربح من الإيرادات (70%) | I20: =I18-I19 -> 9527.4483 | K20: نسبة الربح من الإيرادات (70%) | N20: =I20+D20 -> 19869.296
A21: ما تم سحبه من قبل المستمر | D21: 0 | F21: ما تم سحبه من قبل المستمر | I21: 0 | K21: ما تم سحبه من قبل المستمر | N21: =I21+D21 -> 0
A22: المتبقي | D22: =D20-D21 -> 10341.847 | F22: المتبقي | I22: =I20-I21 -> 9527.4483 | K22: المتبقي | N22: =I22+D22 -> 19869.296
A23: رصيد سنوات سابقة | B23: رصيد سنوات سابقة | D23: 0 | F23: رصيد سنوات سابقة | G23: رصيد سنوات سابقة | I23: 0 | K23: رصيد سنوات سابقة | L23: رصيد سنوات سابقة | N23: =I23+D23 -> 0
A24: اجمالى الرصيد | B24: اجمالى الرصيد | D24: =SUM(D22:D23) -> 10341.847 | F24: اجمالى الرصيد | G24: اجمالى الرصيد | I24: =SUM(I22:I23) -> 9527.4483 | K24: اجمالى الرصيد | L24: اجمالى الرصيد | N24: =I24+D24 -> 19869.296
